,Frequency (MHz),Clean_EIRP(dBm)
0,100.44,-77.83862908108995
1,101.413333,-74.87223575754791
2,102.386667,
3,103.36,-73.11784191411681
4,104.333333,-77.35806859667875
5,105.306667,-75.62361495780968
6,106.28,-76.7602441430096
7,107.253333,-72.74630787199752
8,108.226667,-77.27585375518424
9,109.2,-80.28219105456103
10,110.173333,-82.46464181553344
11,111.146667,-78.67785469059484
12,112.12,-77.1778401740142
13,113.093333,-72.70524796547517
14,114.066667,-76.51593754984273
15,115.04,-74.11613634248694
16,116.013333,-76.09376826185749
17,116.986667,-75.31745246202124
18,117.96,-77.55493822734768
19,118.933333,-75.59671166136313
20,119.906667,-55.47199275596344
21,120.88,-65.98226327162982
22,121.853333,-76.84259423654507
23,122.826667,-70.47748883433073
24,123.8,-79.1129641077566
25,124.773333,-58.972208117249814
26,125.746667,-75.15913972565134
27,126.72,-73.37183591994182
28,127.693333,-69.83787231036877
29,128.666667,-69.73150005103142
30,129.64,-67.76635452715959
31,130.613333,-67.83803477238094
32,131.586667,-44.10789654722845
33,132.56,-66.71396206173395
34,133.533333,-64.34761272079233
35,134.506667,-64.4923154928105
36,135.48,-63.120762497301534
37,136.453333,-66.11565307191691
38,137.426667,-63.74976099599391
39,138.4,-62.81505506460486
40,139.373333,-61.71451913825671
41,140.346667,-63.561789236286415
42,141.32,-62.03415158266398
43,142.293333,-62.57727946202564
44,143.266667,-62.84278793695908
45,144.24,-62.84312433324079
46,145.213333,-64.51768999463765
47,146.186667,-65.98438952443941
48,147.16,-66.31659333837841
49,148.133333,-66.15210997350985
50,149.106667,-66.93998745113622
51,150.08,-67.10585431944357
52,151.053333,-66.70936750340559
53,152.026667,-65.80068661438874
54,153.0,-64.65837186036113
55,153.973333,-65.01719988229988
56,154.946667,-65.18502623374937
57,155.92,-65.03708253622328
58,156.893333,-65.89727246810243
59,157.866667,-64.94964632244718
60,158.84,-65.63009734441304
61,159.813333,-65.77973505995145
62,160.786667,-64.49989565310523
63,161.76,-64.713951935316
64,162.733333,-64.22271760376458
65,163.706667,-64.09874405900852
66,164.68,-64.94247348927424
67,165.653333,-65.15846241404671
68,166.626667,-65.71685360081288
69,167.6,-65.89472675713738
70,168.573333,-65.44392878922922
71,169.546667,-65.04667569039144
72,170.52,-65.31948164412184
73,171.493333,-64.992852825183
74,172.466667,-67.16481259455948
75,173.44,-66.3479711919133
76,174.413333,-65.4759810371415
77,175.386667,-66.20108958639136
78,176.36,-67.32035623427718
79,177.333333,-68.15469934451882
80,178.306667,-67.37219595954971
81,179.28,-66.12801939049736
82,180.253333,-71.29530624161025
83,181.226667,-67.87608127686059
84,182.2,-69.03974422412094
85,183.173333,-67.93543190848445
86,184.146667,-67.40015694013175
87,185.12,-69.30450813653155
88,186.093333,-71.4620101065008
89,187.066667,-69.8274038664665
90,188.04,-70.12437183958008
91,189.013333,-72.30422868380145
92,189.986667,-69.80994221162337
93,190.96,-72.59942002535537
94,191.933333,-71.18164294131265
95,192.906667,-70.22315160278939
96,193.88,-73.54672597714357
97,194.853333,-69.57553785890617
98,195.826667,-73.75492358716495
99,196.8,-69.23756004142898
100,197.773333,-69.2827895652302
101,198.746667,-70.07605143552907
102,199.72,-69.4370594294518
103,200.693333,-68.55489803590352
104,201.666667,-70.4541959380106
105,202.64,-71.1691601705596
106,203.613333,-70.10462154794077
107,204.586667,-76.5386573820306
108,205.56,-72.97253678724186
109,206.533333,-70.91946688078565
110,207.506667,-75.01409001607593
111,208.48,-70.6595751236323
112,209.453333,-71.23307772571975
113,210.426667,-70.79054107701774
114,211.4,-72.58894503039885
115,212.373333,-70.23672002015964
116,213.346667,-70.70949519687453
117,214.32,-78.71389486868351
118,215.293333,-71.98384007432408
119,216.266667,-71.62172032135916
120,217.24,-73.00762070858684
121,218.213333,-73.17335365842285
122,219.186667,-69.27635469593676
123,220.16,
124,221.133333,-70.47584832143117
125,222.106667,-68.9863768526687
126,223.08,-72.94761883583737
127,224.053333,-68.77476840325944
128,225.026667,-72.0593525587567
129,226.0,-74.18565430670282
130,226.973333,-68.72235926006772
131,227.946667,-71.39575952466699
132,228.92,-68.62279775628853
133,229.893333,-68.9676523707155
134,230.866667,-68.119916772214
135,231.84,-70.60850614823781
136,232.813333,-73.10504711197255
137,233.786667,-75.15100119468015
138,234.76,-70.11766546306758
139,235.733333,-70.87182300138294
140,236.706667,-72.31015646213012
141,237.68,-69.33375733615665
142,238.653333,-71.0105262778906
143,239.626667,-74.72193939386453
144,240.6,-69.88139242523238
145,241.573333,-69.74608955273298
146,242.546667,-71.29451530525027
147,243.52,-70.1717979149706
148,244.493333,-71.92920879738747
149,245.466667,-70.91710722564108
150,246.44,-69.30390194742905
151,247.413333,-71.81131792060123
152,248.386667,-75.57697888219296
153,249.36,-71.89495819357495
154,250.333333,-71.78167233266115
155,251.306667,-69.30456939053973
156,252.28,-70.74713491467809
157,253.253333,-69.16962165689358
158,254.226667,-69.32000682027765
159,255.2,-71.84172576198053
160,256.173333,-75.90660636042918
161,257.146667,-68.67014364691498
162,258.12,-75.17959900420522
163,259.093333,-73.76164799536505
164,260.066667,-70.11146428844859
165,261.04,-68.55506032767819
166,262.013333,-69.89330633611057
167,262.986667,-68.7220257594152
168,263.96,-69.25123858778834
169,264.933333,-68.63271905717784
170,265.906667,-67.9451692142039
171,266.88,-69.17532691541531
172,267.853333,-67.24790794690323
173,268.826667,-68.1992043939515
174,269.8,-64.73758007658151
175,270.773333,-65.9234690791416
176,271.746667,-66.8184811262572
177,272.72,-63.73660446844082
178,273.693333,-63.52771350144639
179,274.666667,-64.23220364376942
180,275.64,-63.73712813534944
181,276.613333,-64.23278995078942
182,277.586667,-63.831439050678924
183,278.56,-65.58954037380147
184,279.533333,-66.97715554612058
185,280.506667,-63.893968304354196
186,281.48,-64.58233554670957
187,282.453333,-66.16258197668644
188,283.426667,-64.71406894232406
189,284.4,-66.90481655186505
190,285.373333,-64.94782657045437
191,286.346667,-66.56050656005195
192,287.32,-68.67882606256983
193,288.293333,-67.97993445755009
194,289.266667,-67.69219452453976
195,290.24,-69.89706472043717
196,291.213333,-72.96941270651519
197,292.186667,-69.32330608646622
198,293.16,-68.63909695046107
199,294.133333,-71.14595245032052
200,295.106667,-72.44028189109696
201,296.08,-72.17323781116463
202,297.053333,-74.6197275604334
203,298.026667,-72.56096794333888
204,299.0,-72.8048237283434
205,299.973333,-71.17306062023201
206,300.946667,-70.13544204576698
207,301.92,-75.5608011260374
208,302.893333,-76.47179613217727
209,303.866667,-72.64522632186315
210,304.84,-75.40695863427726
211,305.813333,-75.77426473485613
212,306.786667,-78.10779290842893
213,307.76,
214,308.733333,-76.55872790950491
215,309.706667,-90.17952596813343
216,310.68,
217,311.653333,-74.39112671329406
218,312.626667,-77.15189385733267
219,313.6,-75.07812199629052
220,314.573333,-75.41570955663731
221,315.546667,-76.57898906485038
222,316.52,-77.78709248019806
223,317.493333,-78.28400113313289
224,318.466667,
225,319.44,-73.7388716609342
226,320.413333,-78.68221993165463
227,321.386667,-74.33685659303227
228,322.36,-75.02418677462498
229,323.333333,-77.52572059534764
230,324.306667,-74.18775314434009
231,325.28,-75.26962222785063
232,326.253333,-81.89668030850962
233,327.226667,-79.69512477102717
234,328.2,-74.37557755172827
235,329.173333,-90.9134131345746
236,330.146667,-78.54328618214777
237,331.12,-72.72612177367006
238,332.093333,-73.10491535724465
239,333.066667,-75.423739163054
240,334.04,-73.4104661668691
241,335.013333,-75.37732263516466
242,335.986667,-77.9245123320874
243,336.96,-79.03748320142907
244,337.933333,-74.35963226597397
245,338.906667,-78.61490251102114
246,339.88,
247,340.853333,-86.18295120562833
248,341.826667,-76.3413246134321
249,342.8,-85.43292721996306
250,343.773333,-75.42232137707303
251,344.746667,-76.57729793473436
252,345.72,-80.4579139918392
253,346.693333,-79.15297913667006
254,347.666667,-78.06186284035721
255,348.64,
256,349.613333,-82.0085620572322
257,350.586667,-81.46976498449683
258,351.56,-79.70997297263406
259,352.533333,-75.94358698657449
260,353.506667,-79.68362703701271
261,354.48,-80.88692835775052
262,355.453333,-73.01760468793242
263,356.426667,-76.45874109182587
264,357.4,-77.47555454526415
265,358.373333,-82.63093275814771
266,359.346667,-77.23908248456199
267,360.32,-76.67190177713972
268,361.293333,-76.35889592949938
269,362.266667,-75.80437435389246
270,363.24,-78.19966328023395
271,364.213333,-90.52433141942322
272,365.186667,
273,366.16,-84.6798636290126
274,367.133333,-80.26184367799357
275,368.106667,-75.49120188459811
276,369.08,-77.03399676977163
277,370.053333,-79.58490096938421
278,371.026667,-76.12069246651812
279,372.0,-75.80128628290421
280,372.973333,-76.80519765073666
281,373.946667,-74.93858666310501
282,374.92,-76.41473324908088
283,375.893333,-73.47254050964067
284,376.866667,-87.09604629378292
285,377.84,-79.89015564409151
286,378.813333,-77.04924963132655
287,379.786667,-75.26445389471972
288,380.76,-74.00661494636624
289,381.733333,-75.79593769452174
290,382.706667,-97.77365473103143
291,383.68,-79.32015288649409
292,384.653333,-77.39131642451778
293,385.626667,-76.84266643753637
294,386.6,-83.6269442329029
295,387.573333,-76.50851054115262
296,388.546667,-76.76851872746701
297,389.52,-79.84330577272482
298,390.493333,-78.64410752135345
299,391.466667,-82.64604070640361
300,392.44,
301,393.413333,-77.9507442289106
302,394.386667,-80.05700181466304
303,395.36,-79.98958324422583
304,396.333333,-75.78655299743754
305,397.306667,-83.5766978650478
306,398.28,-78.82929428703677
307,399.253333,
308,400.226667,-84.57048475024996
309,401.2,-82.53376194897064
310,402.173333,-78.31073209880903
311,403.146667,-82.45482698876424
312,404.12,-85.23042942321389
313,405.093333,-80.32934493119612
314,406.066667,-84.66162835944215
315,407.04,-87.95946745768566
316,408.013333,-91.60969844132353
317,408.986667,
318,409.96,-79.93298534751483
319,410.933333,
320,411.906667,-82.78110580200982
321,412.88,-82.4845051532089
322,413.853333,-86.2631763049233
323,414.826667,-82.96987299866544
324,415.8,-81.75360645934582
325,416.773333,-78.64839371502289
326,417.746667,-83.75675459385374
327,418.72,-83.06840624824453
328,419.693333,-80.39519502088915
329,420.666667,-82.38918131443978
330,421.64,-96.8779872063827
331,422.613333,-80.8696084541102
332,423.586667,-84.53364443766647
333,424.56,-86.4353268567554
334,425.533333,-80.86736108492255
335,426.506667,-82.58835720859958
336,427.48,-81.3512740855259
337,428.453333,-78.1600675130137
338,429.426667,-73.36681738306058
339,430.4,-74.32852327066607
340,431.373333,-70.1091159885277
341,432.346667,-66.40072387490493
342,433.32,-63.91446654094792
343,434.293333,-3.074179875971934
344,435.266667,-63.571111458337896
345,436.24,-66.27245377466424
346,437.213333,-70.37943698192291
347,438.186667,-73.19706293263206
348,439.16,-78.27210295804781
349,440.133333,-80.85146979416851
350,441.106667,-82.16452633768283
351,442.08,
352,443.053333,-79.14018359488485
353,444.026667,-80.68971621308442
354,445.0,-81.76921076906507
355,445.973333,-78.1351527238312
356,446.946667,-81.07079575737271
357,447.92,-79.68246092822571
358,448.893333,-80.10210598802192
359,449.866667,-84.5237053816656
360,450.84,-83.99259213196447
361,451.813333,-82.29909985364385
362,452.786667,-82.50391029011725
363,453.76,-83.65276088155191
364,454.733333,-82.57499958192263
365,455.706667,-78.7237594386776
366,456.68,-84.957899992148
367,457.653333,-81.92759726382434
368,458.626667,-80.00513461007372
369,459.6,-83.85386520444328
370,460.573333,-83.1089699082755
371,461.546667,-80.88683718846868
372,462.52,-83.91774578747707
373,463.493333,-82.9244798288191
374,464.466667,-80.25034467833888
375,465.44,-81.07553934452524
376,466.413333,-80.40873612841393
377,467.386667,-86.62648507060526
378,468.36,-80.79944143841104
379,469.333333,-83.74772774549473
380,470.306667,-80.3208891631285
381,471.28,-81.03053621289777
382,472.253333,-78.6625526517573
383,473.226667,-88.1775141104187
384,474.2,-84.32061265312072
385,475.173333,-81.8747612078352
386,476.146667,-88.52118337488072
387,477.12,-90.8144416117351
388,478.093333,-96.47910690905223
389,479.066667,-83.09424144668215
390,480.04,-81.12082411668268
391,481.013333,-82.16793571918673
392,481.986667,-81.16664699113494
393,482.96,-80.36011055329573
394,483.933333,-79.09665235704117
395,484.906667,-79.31096561488798
396,485.88,-80.3178573348258
397,486.853333,-78.2912477964168
398,487.826667,-83.22405583830145
399,488.8,-84.3903328860998
400,489.773333,-80.96457770403795
401,490.746667,-81.25441515764477
402,491.72,-80.71535154654093
403,492.693333,-81.641453977107
404,493.666667,-82.63086442870416
405,494.64,-83.13277519931034
406,495.613333,-79.20727899445419
407,496.586667,-78.63913549138445
408,497.56,-80.74897410578232
409,498.533333,
410,499.506667,
411,500.48,-79.83389803436455
412,501.453333,-84.46788568526568
413,502.426667,-87.26365873328945
414,503.4,-81.5118100221427
415,504.373333,-81.99236564761215
416,505.346667,-80.54361270155736
417,506.32,-84.68218333737795
418,507.293333,-82.19573272698563
419,508.266667,-82.09449539091321
420,509.24,-81.1960977834861
421,510.213333,-79.49365255165482
422,511.186667,
423,512.16,-78.60651941884784
424,513.133333,-82.19129792200327
425,514.106667,-78.23456900094203
426,515.08,-81.2893319736076
427,516.053333,-79.59257860954375
428,517.026667,-82.56524349440356
429,518.0,-82.14552737488088
430,518.973333,-78.97821476910404
431,519.946667,-83.04541907249701
432,520.92,-79.94791292992258
433,521.893333,-80.56903814254044
434,522.866667,-91.05433954044905
435,523.84,-91.90268282943101
436,524.813333,-78.35896808389539
437,525.786667,-82.13010488184551
438,526.76,-82.69466219222957
439,527.733333,-80.45808790110956
440,528.706667,-79.4207321718263
441,529.68,-80.1014540305602
442,530.653333,-80.70600660536704
443,531.626667,-87.04467584397419
444,532.6,-79.53665320542437
445,533.573333,-80.01832268254057
446,534.546667,-81.35561835016182
447,535.52,-81.63449153916885
448,536.493333,-81.6949384356085
449,537.466667,-80.30865906123496
450,538.44,-81.55078040690509
451,539.413333,-81.44387039568184
452,540.386667,-79.67197418044182
453,541.36,-80.89494240704262
454,542.333333,-81.68931482105278
455,543.306667,-83.12963929124045
456,544.28,
457,545.253333,-80.11009284601528
458,546.226667,-78.25400049376444
459,547.2,-79.88563116431558
460,548.173333,-78.57573817475208
461,549.146667,-82.40796001289452
462,550.12,-79.06469681885953
463,551.093333,-79.93694383560474
464,552.066667,-80.0106261996148
465,553.04,-79.55589366819926
466,554.013333,-80.32616897762834
467,554.986667,-82.1412223083083
468,555.96,-82.00235144776342
469,556.933333,-81.4579010253842
470,557.906667,-78.39001909219566
471,558.88,-77.75624600005088
472,559.853333,-78.18429144015552
473,560.826667,-80.44018718802963
474,561.8,-77.13916809602308
475,562.773333,-82.09531637838003
476,563.746667,-78.043992921281
477,564.72,-78.34801624278847
478,565.693333,-77.6583694906047
479,566.666667,-77.07824944225509
480,567.64,-77.56628155799488
481,568.613333,-85.43075378561561
482,569.586667,-77.84483912097537
483,570.56,-79.78705364577603
484,571.533333,-76.71941572706642
485,572.506667,-76.20832944420275
486,573.48,-77.3217263419909
487,574.453333,-79.18903665301633
488,575.426667,-79.289006943946
489,576.4,-80.16086967794665
490,577.373333,-77.78000961082142
491,578.346667,-77.1375886534854
492,579.32,-78.74360094554383
493,580.293333,-77.5356134897026
494,581.266667,-75.26840377006526
495,582.24,-84.59500034075865
496,583.213333,-78.60688742376054
497,584.186667,
498,585.16,
499,586.133333,-87.58046947453741
500,587.106667,-79.5286709973388
501,588.08,-80.46713606340771
502,589.053333,-76.31074693408391
503,590.026667,-80.45751122057771
504,591.0,-79.13328338436459
505,591.973333,-76.52492852311065
506,592.946667,-80.520297063955
507,593.92,
508,594.893333,
509,595.866667,-75.69476253399954
510,596.84,-77.1973701530104
511,597.813333,-75.85630666344801
512,598.786667,-78.64005813989351
513,599.76,-77.75082173138946
514,600.733333,-78.79905119776986
515,601.706667,-78.0245028066799
516,602.68,-77.38413989633071
517,603.653333,-73.6099143702411
518,604.626667,-73.35353630009193
519,605.6,-80.17404978762977
520,606.573333,-79.66969147123811
521,607.546667,-77.2063623839239
522,608.52,-73.09827811080349
523,609.493333,-75.15048394349934
524,610.466667,-73.82884011169415
525,611.44,-70.56835735594285
526,612.413333,-80.18850489503964
527,613.386667,-83.60125619089132
528,614.36,-72.79660648092047
529,615.333333,-73.35717572412622
530,616.306667,-79.13377717022766
531,617.28,-76.98493629742462
532,618.253333,-74.78404283574899
533,619.226667,-82.46348535441341
534,620.2,-77.44174703584251
535,621.173333,-80.36045413763695
536,622.146667,-79.4992797392859
537,623.12,-78.85674283229187
538,624.093333,-75.7082602542839
539,625.066667,-72.67950787936365
540,626.04,-75.92462698361278
541,627.013333,-70.9265763187068
542,627.986667,-70.82123329626262
543,628.96,-77.95915557504651
544,629.933333,-72.96590523699584
545,630.906667,-68.31878465394634
546,631.88,-75.76529576423528
547,632.853333,-73.42293179742968
548,633.826667,-79.50635615666167
549,634.8,-74.84619662795113
550,635.773333,-77.98096608678887
551,636.746667,-73.03833586565577
552,637.72,-76.79237911604932
553,638.693333,-76.27960760725136
554,639.666667,-76.35915565065025
555,640.64,-77.92573866605373
556,641.613333,-77.23013078843344
557,642.586667,-77.35706439743461
558,643.56,-75.89395568553836
559,644.533333,-77.66053750638348
560,645.506667,-81.01542167270304
561,646.48,-80.62467454587198
562,647.453333,-79.23449359164765
563,648.426667,-74.91758470946957
564,649.4,-77.07840324616012
565,650.373333,-78.82645920952254
566,651.346667,-86.23857924186191
567,652.32,-76.55411842116254
568,653.293333,-80.34033341030937
569,654.266667,-76.8707088748329
570,655.24,-78.2788610140753
571,656.213333,-78.63948219304218
572,657.186667,-78.75375112997405
573,658.16,-78.85715184441992
574,659.133333,-78.43776269020245
575,660.106667,-78.29952166710848
576,661.08,-76.00383754868017
577,662.053333,-75.11506794883067
578,663.026667,-69.66596923613123
579,664.0,-78.54536575049832
580,664.973333,-75.5104293366888
581,665.946667,-74.80845607209206
582,666.92,-74.4554714341721
583,667.893333,-74.53420890213758
584,668.866667,-85.87495750457305
585,669.84,-77.76768009337972
586,670.813333,
587,671.786667,-75.6910813986176
588,672.76,-76.53494241970921
589,673.733333,-81.39719956745729
590,674.706667,-71.05622213934733
591,675.68,-78.03824930647201
592,676.653333,-81.58547807650946
593,677.626667,-79.33643281469635
594,678.6,-77.11525305119915
595,679.573333,-79.32735950494394
596,680.546667,-77.67980330052671
597,681.52,-77.60397303380896
598,682.493333,
599,683.466667,-78.11783457216686
600,684.44,-76.28052446186433
601,685.413333,
602,686.386667,-78.20391653945819
603,687.36,-89.0845562326922
604,688.333333,
605,689.306667,-81.4698797208724
606,690.28,-80.10955663584211
607,691.253333,-81.38204766229404
608,692.226667,-82.74078198731969
609,693.2,-80.23722588988801
610,694.173333,-80.8088541570345
611,695.146667,-84.62154738425235
612,696.12,-85.47620285526358
613,697.093333,-78.5157394177811
614,698.066667,-78.78435908473718
615,699.04,-77.71474382439018
616,700.013333,-77.0544712301356
617,700.986667,-92.69237074843909
618,701.96,-78.76930210478977
619,702.933333,-79.90872603463599
620,703.906667,-80.24696189300914
621,704.88,
622,705.853333,-78.84642869710679
623,706.826667,-76.83202335231809
624,707.8,-77.23773016766452
625,708.773333,-79.052252583917
626,709.746667,-77.47273011251234
627,710.72,-86.53459684845919
628,711.693333,-78.70937920361578
629,712.666667,-79.25663401249051
630,713.64,-80.95622208107066
631,714.613333,-77.6897827809031
632,715.586667,-78.12612780978063
633,716.56,-79.8191256060242
634,717.533333,-77.91724718217625
635,718.506667,-77.93375552522095
636,719.48,
637,720.453333,-79.91231326481997
638,721.426667,-77.18576483621946
639,722.4,-76.4490859069028
640,723.373333,-78.02309443278669
641,724.346667,-86.08029884460508
642,725.32,-80.6768309861761
643,726.293333,-81.95309616050957
644,727.266667,-75.08440064245343
645,728.24,-87.64691452633103
646,729.213333,-79.50683049366208
647,730.186667,-74.8605725411897
648,731.16,-79.18509647176644
649,732.133333,-79.52234043823884
650,733.106667,-76.44044836852413
651,734.08,-77.7306848811478
652,735.053333,-82.4025479795054
653,736.026667,-76.96288640740636
654,737.0,-78.86870876660299
655,737.973333,-80.06139873250976
656,738.946667,
657,739.92,-79.36211282885446
658,740.893333,-78.57254672874201
659,741.866667,
660,742.84,-84.11392802774388
661,743.813333,-77.7601013231639
662,744.786667,-78.78595907449227
663,745.76,-81.29268958302511
664,746.733333,-79.08072003351622
665,747.706667,-85.5409206577532
666,748.68,-77.55006319755213
667,749.653333,-83.86000007137484
668,750.626667,-94.50781011255759
669,751.6,-79.86321465797154
670,752.573333,
671,753.546667,-82.16571266081552
672,754.52,-78.14215423075181
673,755.493333,
674,756.466667,-79.0533781073891
675,757.44,-83.06550995215737
676,758.413333,-83.82688162925469
677,759.386667,-77.3304049443506
678,760.36,-79.68546614812017
679,761.333333,-77.9535255723717
680,762.306667,-79.93689248884328
681,763.28,-87.51917850171421
682,764.253333,-80.71541236674555
683,765.226667,-77.36266242340785
684,766.2,-77.11843244646941
685,767.173333,
686,768.146667,-82.81935230282483
687,769.12,-75.52904279778816
688,770.093333,-80.55492858279322
689,771.066667,-77.82272326675512
690,772.04,-80.34460765734318
691,773.013333,-77.78671018953807
692,773.986667,-80.77282887913269
693,774.96,-74.40226967004241
694,775.933333,-79.38922449727417
695,776.906667,-80.07217363208159
696,777.88,-84.53524966929808
697,778.853333,-76.12194164350169
698,779.826667,-78.83447261153962
699,780.8,-78.03974916228813
700,781.773333,-74.66130839249011
701,782.746667,-76.0236670942945
702,783.72,-76.16159969062436
703,784.693333,-75.65002595374452
704,785.666667,-85.57945229215875
705,786.64,-78.99366811552386
706,787.613333,-79.75389924646235
707,788.586667,-79.59954491165757
708,789.56,-76.55811641754812
709,790.533333,-79.10563118478203
710,791.506667,-77.66253211256549
711,792.48,-76.81115370452206
712,793.453333,-76.52245984347799
713,794.426667,-89.16736316485304
714,795.4,-74.9993956406592
715,796.373333,-80.08580087299273
716,797.346667,-77.7450924785295
717,798.32,-79.66257271238356
718,799.293333,-79.84003974741229
719,800.266667,-75.95220057700715
720,801.24,-77.57056054492398
721,802.213333,-74.0478199698114
722,803.186667,-75.2761608747812
723,804.16,
724,805.133333,-82.37812041381454
725,806.106667,-77.4733154686053
726,807.08,-76.59729488008284
727,808.053333,-75.39564834265302
728,809.026667,-81.88640956242706
729,810.0,-75.64095845367947
730,810.973333,-77.06141046516498
731,811.946667,-76.97735858937858
732,812.92,-78.05376826113712
733,813.893333,-76.05151324386372
734,814.866667,-76.45002961148707
735,815.84,-74.52906744922947
736,816.813333,-74.29553608338541
737,817.786667,-77.268301430332
738,818.76,-75.56782492306625
739,819.733333,-74.09574805758089
740,820.706667,-74.86577247368382
741,821.68,-76.21893325692257
742,822.653333,-76.08549365641576
743,823.626667,-79.1112605323232
744,824.6,-77.12794653085541
745,825.573333,-77.92257193591061
746,826.546667,-73.18433374690446
747,827.52,-76.88330211515775
748,828.493333,-75.74053362632908
749,829.466667,
750,830.44,-74.9907117465689
751,831.413333,-75.91228059932605
752,832.386667,-76.17398548605743
753,833.36,-74.86983996391406
754,834.333333,-77.56904302189739
755,835.306667,-78.3770365056964
756,836.28,-75.511080707998
757,837.253333,
758,838.226667,-77.77332226097208
759,839.2,-74.78596694711086
760,840.173333,-78.58818132870285
761,841.146667,-75.01452968463077
762,842.12,-76.16317403212234
763,843.093333,-77.17216899703647
764,844.066667,-77.85138627492212
765,845.04,-81.4828357005735
766,846.013333,-78.59937145649602
767,846.986667,
768,847.96,
769,848.933333,-77.36356914484372
770,849.906667,-77.44486926937691
771,850.88,
772,851.853333,-76.89026888674253
773,852.826667,-78.24853360137398
774,853.8,-75.42296151689898
775,854.773333,-78.37336441737014
776,855.746667,-78.14463293319534
777,856.72,-81.43280367654486
778,857.693333,-78.41938033033367
779,858.666667,-75.93508497118626
780,859.64,-75.91902582144411
781,860.613333,-77.03058606740278
782,861.586667,-80.03105769324094
783,862.56,-75.39291912965618
784,863.533333,-76.38589407030639
785,864.506667,-76.58668923020518
786,865.48,-79.32193729781041
787,866.453333,-78.93878772232549
788,867.426667,-78.20473227248486
789,868.4,-62.61755447992323
790,869.373333,-79.54419249998124
791,870.346667,-74.20957630294106
792,871.32,-74.51441553361285
793,872.293333,-77.40840460335005
794,873.266667,-77.95133898242993
795,874.24,-78.87971286689572
796,875.213333,-76.95586749288728
797,876.186667,-76.06039294059073
798,877.16,-76.4278912236543
799,878.133333,
800,879.106667,-78.04866615769214
801,880.08,-75.44263732896704
802,881.053333,-75.62403951000316
803,882.026667,-77.75075426596015
804,883.0,-76.25423105043598
805,883.973333,-78.74912411785196
806,884.946667,-72.12447372241927
807,885.92,
808,886.893333,-75.40895023076105
809,887.866667,-76.0004553137412
810,888.84,-75.54160962760483
811,889.813333,-78.69181814586474
812,890.786667,-78.43996843272902
813,891.76,-78.79164967930662
814,892.733333,-79.27054273786794
815,893.706667,-73.10774875979794
816,894.68,-73.29848717084965
817,895.653333,-78.48538069408698
818,896.626667,
819,897.6,
820,898.573333,-74.8873000012735
821,899.546667,-74.0878154249066
822,900.52,-77.67597131049457
823,901.493333,-74.74970224428435
824,902.466667,-76.19250727492584
825,903.44,-80.04547020245809
826,904.413333,-75.73145001087606
827,905.386667,-76.31629696836875
828,906.36,-74.98126743608829
829,907.333333,-80.9311592240036
830,908.306667,-73.8221649006724
831,909.28,-75.91748973012788
832,910.253333,-74.0145028918956
833,911.226667,-75.0213659179952
834,912.2,-78.96899265049207
835,913.173333,
836,914.146667,-74.31835167984443
837,915.12,-75.73070604622662
838,916.093333,-74.75401515140264
839,917.066667,-73.695003174713
840,918.04,-79.54858086333877
841,919.013333,-74.09423030741969
842,919.986667,-76.16300592504113
843,920.96,-76.34674403908399
844,921.933333,-76.17773090791384
845,922.906667,-75.0681660083381
846,923.88,-73.04691075161928
847,924.853333,-74.05908426069084
848,925.826667,-73.63546230142502
849,926.8,-75.47150035923669
850,927.773333,-79.9313951723914
851,928.746667,-74.75908753548596
852,929.72,-75.81038635625953
853,930.693333,-74.65915231375342
854,931.666667,-73.22428442342813
855,932.64,-74.36241374134005
856,933.613333,-76.2056528844589
857,934.586667,-75.8562010092896
858,935.56,-74.87548168586255
859,936.533333,-72.76714670624352
860,937.506667,
861,938.48,-77.07763703037534
862,939.453333,-75.47009823677317
863,940.426667,-75.1318305672786
864,941.4,-76.12172601959438
865,942.373333,-75.74810076740901
866,943.346667,-75.42025558552103
867,944.32,-78.61286046307681
868,945.293333,-73.52864659058159
869,946.266667,-74.20979933646292
870,947.24,-73.4854983836698
871,948.213333,-77.81732291256118
872,949.186667,-76.95566192380214
873,950.16,-84.12239692346563
874,951.133333,-76.22070773164685
875,952.106667,-72.68205004319607
876,953.08,-76.12395534329012
877,954.053333,-72.98840551622511
878,955.026667,-76.80610076198744
879,956.0,
880,956.973333,
881,957.946667,-78.33532869116935
882,958.92,-80.55746006831146
883,959.893333,-77.66100163759404
884,960.866667,
885,961.84,-73.25763698223197
886,962.813333,-84.70566792611663
887,963.786667,-74.55146469864647
888,964.76,-74.60646005305952
889,965.733333,-78.36924570568763
890,966.706667,-75.10861322768234
891,967.68,-77.60750340173156
892,968.653333,
893,969.626667,-74.81793802544917
894,970.6,-75.26487029906966
895,971.573333,-75.37742959923031
896,972.546667,-77.514079043827
897,973.52,-73.01808948446279
898,974.493333,-74.94954878945309
899,975.466667,-73.22251243043223
900,976.44,
901,977.413333,-72.05056706396047
902,978.386667,-75.2295338108984
903,979.36,-80.38502034864362
904,980.333333,-79.270924492398
905,981.306667,-73.60138463926194
906,982.28,
907,983.253333,-78.05287048273553
908,984.226667,-73.96822416055541
909,985.2,-72.94953046618375
910,986.173333,-74.21116093542727
911,987.146667,-75.73467815999997
912,988.12,-74.79876294023597
913,989.093333,-74.89895095056252
914,990.066667,-73.75388917812924
915,991.04,-74.14573170720091
916,992.013333,-76.10523419217594
917,992.986667,-76.19245425028728
918,993.96,-75.70078846415763
919,994.933333,-74.8601852860409
920,995.906667,-81.92774688885834
921,996.88,-73.6805633776832
922,997.853333,-75.52843137600337
923,998.826667,-76.82836590741489
924,999.8,-73.11512525970795
925,1000.773333,-72.71634718529042
926,1001.746667,-71.98231267933393
927,1002.72,-75.08871938891266
928,1003.693333,-88.03375722640948
929,1004.666667,
930,1005.64,
931,1006.613333,-78.68760464269721
932,1007.586667,-75.59004601181516
933,1008.56,-75.08714130332979
934,1009.533333,-76.17534106452317
935,1010.506667,-75.15791438706893
936,1011.48,-71.90681210580632
937,1012.453333,
938,1013.426667,
939,1014.4,-74.7852332994462
940,1015.373333,
941,1016.346667,-71.46817069368255
942,1017.32,-74.23940108463667
943,1018.293333,-73.48485098992298
944,1019.266667,-73.83440852121618
945,1020.24,-73.12062458666352
946,1021.213333,-72.97834940988072
947,1022.186667,-72.78956488168687
948,1023.16,-71.59588513600553
949,1024.133333,-72.1767378246676
950,1025.106667,-75.9914744962652
951,1026.08,
952,1027.053333,-73.69935911787023
953,1028.026667,-71.65798619124607
954,1029.0,-60.29207382870944
955,1029.973333,-57.66343545716254
956,1030.946667,-59.59800516615591
957,1031.92,-71.38445952304967
958,1032.893333,-76.3209750956287
959,1033.866667,-71.56898649708724
960,1034.84,-71.05419190124202
961,1035.813333,-74.52662002808671
962,1036.786667,-71.93339841699859
963,1037.76,-71.57430371515562
964,1038.733333,-71.5850632752929
965,1039.706667,-72.8262123761692
966,1040.68,-72.59992539450187
967,1041.653333,-71.27077791361883
968,1042.626667,-70.56179621076318
969,1043.6,-73.32889132798617
970,1044.573333,-73.21088191781026
971,1045.546667,-71.3083657545518
972,1046.52,-72.96152467757962
973,1047.493333,
974,1048.466667,-70.1110872592962
975,1049.44,-81.70289751320215
976,1050.413333,-73.22337543826701
977,1051.386667,-75.12842095136614
978,1052.36,-74.22479768997582
979,1053.333333,-75.19565830298852
980,1054.306667,-68.6379536558183
981,1055.28,
982,1056.253333,-73.63129680196751
983,1057.226667,-73.82660014956852
984,1058.2,-77.41337185971572
985,1059.173333,-76.10023670333024
986,1060.146667,-71.42031419526003
987,1061.12,-68.79994810057318
988,1062.093333,-73.17157438116685
989,1063.066667,-72.04053797593724
990,1064.04,-74.06776508937631
991,1065.013333,-76.25725823776607
992,1065.986667,-74.83560752922074
993,1066.96,-72.78638131135642
994,1067.933333,-75.7661286356681
995,1068.906667,-79.19477045031472
996,1069.88,-74.55351417215104
997,1070.853333,-76.06832545471462
998,1071.826667,-72.0755079717053
999,1072.8,-74.88647303825209
1000,1073.773333,-74.4166517568621
1001,1074.746667,-82.95396474696764
1002,1075.72,-72.0359953642265
1003,1076.693333,-71.56789058542016
1004,1077.666667,-76.87537821208943
1005,1078.64,-76.60922257165957
1006,1079.613333,
1007,1080.586667,
1008,1081.56,-60.920020898554185
1009,1082.533333,-74.54382015552457
1010,1083.506667,-78.22279475075388
1011,1084.48,-70.37779703347583
1012,1085.453333,-72.68660074338246
1013,1086.426667,-61.341351994042135
1014,1087.4,-59.97759068359599
1015,1088.373333,-50.443584132100284
1016,1089.346667,-46.72175870819568
1017,1090.32,-38.45325104873857
1018,1091.293333,-47.956432494236836
1019,1092.266667,-69.35471748640394
1020,1093.24,-65.21644722381464
1021,1094.213333,-65.75326171760038
1022,1095.186667,
1023,1096.16,-79.52597066246226
1024,1097.133333,-78.95438698838451
1025,1098.106667,-81.53604441551676
1026,1099.08,-75.70132226708392
1027,1100.053333,-71.81399463409898
1028,1101.026667,-75.76681533696112
1029,1102.0,-75.58579013425425
1030,1102.973333,-55.17918733183035
1031,1103.946667,-72.65597551991799
1032,1104.92,-57.3093765175686
1033,1105.893333,-73.9687734630724
1034,1106.866667,-74.39784912215933
1035,1107.84,-73.88500927850282
1036,1108.813333,-75.58130585021101
1037,1109.786667,-73.28382468247477
1038,1110.76,-72.96560211614644
1039,1111.733333,-85.17431045613263
1040,1112.706667,-50.30434333412959
1041,1113.68,-63.26053366882079
1042,1114.653333,
1043,1115.626667,-73.66521135212652
1044,1116.6,-72.51413721185946
1045,1117.573333,-69.36264754275393
1046,1118.546667,-74.93602470977851
1047,1119.52,-72.76070070426813
1048,1120.493333,-73.66964945695824
1049,1121.466667,-72.69913389815332
1050,1122.44,-75.7811121121561
1051,1123.413333,-70.89869804058011
1052,1124.386667,-71.47047240976451
1053,1125.36,-72.25404739030333
1054,1126.333333,-86.46058295569175
1055,1127.306667,-73.7305297689574
1056,1128.28,-61.76500336304088
1057,1129.253333,-77.49362056380058
1058,1130.226667,-79.06384890681854
1059,1131.2,-73.41546241003476
1060,1132.173333,
1061,1133.146667,-70.75998354798291
1062,1134.12,-73.68295302087785
1063,1135.093333,-74.48846631983473
1064,1136.066667,
1065,1137.04,-52.205334105819155
1066,1138.013333,-60.98853579481264
1067,1138.986667,-77.76641760392476
1068,1139.96,-82.82559939470457
1069,1140.933333,-78.66028584824424
1070,1141.906667,-74.07073548956414
1071,1142.88,-74.92000049943235
1072,1143.853333,-75.07081131064406
1073,1144.826667,-77.85619838866086
1074,1145.8,-84.26753337785976
1075,1146.773333,-76.4446859915088
1076,1147.746667,-75.0295702741675
1077,1148.72,-75.97610939391016
1078,1149.693333,-72.93734266046533
1079,1150.666667,-71.44716702739493
1080,1151.64,-74.11589145960954
1081,1152.613333,-76.90674961009609
1082,1153.586667,-79.7885183718167
1083,1154.56,-76.06755495501862
1084,1155.533333,-77.3262099376145
1085,1156.506667,-83.03090008383509
1086,1157.48,-72.02804971283317
1087,1158.453333,-70.65227829496402
1088,1159.426667,-75.51378266475513
1089,1160.4,-70.03000872409548
1090,1161.373333,-73.67519037174122
1091,1162.346667,-73.76083460645668
1092,1163.32,-74.96951742124699
1093,1164.293333,-71.02673837918792
1094,1165.266667,-71.95706674376515
1095,1166.24,-70.05435332925296
1096,1167.213333,-72.50873059426405
1097,1168.186667,-73.26000346862236
1098,1169.16,-72.00879794797292
1099,1170.133333,-75.26948679723327
1100,1171.106667,-73.27228341045785
1101,1172.08,-73.64047600927842
1102,1173.053333,-72.06290122920238
1103,1174.026667,-69.72765048636501
1104,1175.0,-72.63421514469401
1105,1175.973333,-70.94915267092313
1106,1176.946667,-70.79783189110613
1107,1177.92,-70.94293847297527
1108,1178.893333,-72.66298498373575
1109,1179.866667,-71.40000231261098
1110,1180.84,-71.96231795086757
1111,1181.813333,-72.98512170476573
1112,1182.786667,-85.1138040017469
1113,1183.76,-72.35820781394209
1114,1184.733333,-71.22747179588009
1115,1185.706667,-73.58806082706126
1116,1186.68,-74.85015305385564
1117,1187.653333,-72.19581261106033
1118,1188.626667,-70.51360480160734
1119,1189.6,-74.06317213772232
1120,1190.573333,-69.80784956546042
1121,1191.546667,-71.78736013668973
1122,1192.52,-72.62813242534452
1123,1193.493333,-72.90783993146837
1124,1194.466667,
1125,1195.44,-71.89504479695543
1126,1196.413333,-70.93531131879183
1127,1197.386667,-76.22646118701161
1128,1198.36,-76.1255952558557
1129,1199.333333,-72.28749106600324
1130,1200.306667,-73.1201459289272
1131,1201.28,-73.14192831831822
1132,1202.253333,-76.70589704357438
1133,1203.226667,
1134,1204.2,-83.83049329143373
1135,1205.173333,-68.78350809293795
1136,1206.146667,-72.66706153867464
1137,1207.12,-71.18441974491617
1138,1208.093333,-72.61097944913244
1139,1209.066667,-72.32450098881496
1140,1210.04,-73.33175148582549
1141,1211.013333,-73.01602115505031
1142,1211.986667,-73.78732177344065
1143,1212.96,-70.98062082313363
1144,1213.933333,-73.23531519286067
1145,1214.906667,-71.14373818617405
1146,1215.88,-74.67719338483116
1147,1216.853333,-71.72528083617236
1148,1217.826667,-74.36730750046583
1149,1218.8,-72.3436358667542
1150,1219.773333,-72.39552535081849
1151,1220.746667,-78.80118571314836
1152,1221.72,-75.43411934843398
1153,1222.693333,-71.50548673748689
1154,1223.666667,-71.35216010622533
1155,1224.64,-73.56658397040546
1156,1225.613333,-75.33267924747562
1157,1226.586667,-66.25545200163518
1158,1227.56,-70.84109341111527
1159,1228.533333,-72.81283302960057
1160,1229.506667,-75.61499729824308
1161,1230.48,-82.86147959953689
1162,1231.453333,-71.33259905474037
1163,1232.426667,-77.40172368015149
1164,1233.4,-71.1897647134315
1165,1234.373333,-74.12349733284331
1166,1235.346667,-76.10804714504047
1167,1236.32,-73.48256908564962
1168,1237.293333,
1169,1238.266667,-70.75480067702631
1170,1239.24,-69.48011628674271
1171,1240.213333,-73.0185035559409
1172,1241.186667,-77.06289024679917
1173,1242.16,-68.72006728536398
1174,1243.133333,-70.42209961586653
1175,1244.106667,-70.17930465904993
1176,1245.08,-70.50609792255113
1177,1246.053333,-70.86162382415019
1178,1247.026667,-75.14298346781902
1179,1248.0,-74.66719806059922
1180,1248.973333,-72.64386741702306
1181,1249.946667,-71.46220719342854
1182,1250.92,-71.89548778770968
1183,1251.893333,-74.64248508605364
1184,1252.866667,-70.24238063742573
1185,1253.84,-72.79889613080167
1186,1254.813333,-68.3757127078093
1187,1255.786667,-75.82834452359586
1188,1256.76,
1189,1257.733333,-80.2189118478222
1190,1258.706667,-82.08018481124398
1191,1259.68,-70.55953163614163
1192,1260.653333,-68.95623220027457
1193,1261.626667,-71.01313947397615
1194,1262.6,-74.91312909886135
1195,1263.573333,-71.76613179986849
1196,1264.546667,-73.6242217420547
1197,1265.52,-70.63030883222301
1198,1266.493333,-80.69918808756515
1199,1267.466667,
1200,1268.44,-76.22002983257448
1201,1269.413333,-69.43288907959776
1202,1270.386667,-71.0059593081867
1203,1271.36,-70.09970763245559
1204,1272.333333,-68.9841534070406
1205,1273.306667,-75.69414158599928
1206,1274.28,-75.83614945273312
1207,1275.253333,-71.79637025874074
1208,1276.226667,-68.4204986161173
1209,1277.2,-72.14606411009366
1210,1278.173333,-68.87156237343574
1211,1279.146667,-75.34376945447016
1212,1280.12,-71.66677821925131
1213,1281.093333,-71.34546657938317
1214,1282.066667,-70.77595314024367
1215,1283.04,-71.91385884449454
1216,1284.013333,-73.1224807531524
1217,1284.986667,-69.12458002668157
1218,1285.96,-76.04889475629547
1219,1286.933333,-71.18686690198886
1220,1287.906667,-70.39522112906856
1221,1288.88,-74.62797798887257
1222,1289.853333,-75.58513026312299
1223,1290.826667,-75.10040400407506
1224,1291.8,-74.31560747357237
1225,1292.773333,-69.46502487699932
1226,1293.746667,-70.77104211939384
1227,1294.72,-72.088163986824
1228,1295.693333,-70.43353171597309
1229,1296.666667,-72.24006453179042
1230,1297.64,
1231,1298.613333,-70.03380324247394
1232,1299.586667,-73.59782923454121
1233,1300.56,-71.47291372740791
1234,1301.533333,-72.7784029754171
1235,1302.506667,-76.18018365634234
1236,1303.48,-72.72006309597752
1237,1304.453333,-72.28960603366633
1238,1305.426667,-75.58759180161245
1239,1306.4,-72.83577924850812
1240,1307.373333,-72.1742702954659
1241,1308.346667,-70.80267880839106
1242,1309.32,-70.6464046808303
1243,1310.293333,-71.90668247096949
1244,1311.266667,-70.34337408264705
1245,1312.24,-74.955522993975
1246,1313.213333,-71.14087848788745
1247,1314.186667,-74.04670038204179
1248,1315.16,-68.43582545737397
1249,1316.133333,-70.26895600533628
1250,1317.106667,-67.80913982299393
1251,1318.08,-70.78583141072355
1252,1319.053333,-72.95715880077813
1253,1320.026667,-74.51980616204207
1254,1321.0,-69.64159224208747
1255,1321.973333,-71.40649941469441
1256,1322.946667,-71.8676048099936
1257,1323.92,-70.20486480315783
1258,1324.893333,-71.63799874686994
1259,1325.866667,-70.48697952343531
1260,1326.84,-68.85148828031814
1261,1327.813333,-74.34671596851221
1262,1328.786667,-75.01147363373889
1263,1329.76,-71.91887842597612
1264,1330.733333,-77.15689554120141
1265,1331.706667,-76.48161649557802
1266,1332.68,-71.00232348230988
1267,1333.653333,-73.71277797702004
1268,1334.626667,-71.50593041716189
1269,1335.6,-70.73899479876164
1270,1336.573333,-74.97469135922063
1271,1337.546667,
1272,1338.52,-71.50753014614484
1273,1339.493333,-70.251061397458
1274,1340.466667,-71.56979041840563
1275,1341.44,-68.32653484772989
1276,1342.413333,-71.3992960735674
1277,1343.386667,
1278,1344.36,-70.53470599716519
1279,1345.333333,-70.29648874906177
1280,1346.306667,-70.69484806638448
1281,1347.28,-73.433265632191
1282,1348.253333,-70.62827998881622
1283,1349.226667,-66.60711142683505
1284,1350.2,-71.2549315483216
1285,1351.173333,-71.4707874279579
1286,1352.146667,-69.06267042273748
1287,1353.12,-72.73652315418714
1288,1354.093333,
1289,1355.066667,-69.47995601571277
1290,1356.04,-74.63678053852723
1291,1357.013333,-80.6009797106862
1292,1357.986667,-72.9673964800559
1293,1358.96,-76.06350632896094
1294,1359.933333,-67.80811784234378
1295,1360.906667,-73.09764150214696
1296,1361.88,-69.37113575237686
1297,1362.853333,-73.4749478859205
1298,1363.826667,-73.66200354416966
1299,1364.8,-76.42845674472439
1300,1365.773333,
1301,1366.746667,-70.80609411432138
1302,1367.72,-70.19427113531378
1303,1368.693333,-72.36319632938762
1304,1369.666667,-74.54945009558705
1305,1370.64,-76.34701179042537
1306,1371.613333,-74.03394718969632
1307,1372.586667,-73.54163316247781
1308,1373.56,-71.95075150511677
1309,1374.533333,-73.00019754422725
1310,1375.506667,-69.44979522184839
1311,1376.48,-71.79242564508816
1312,1377.453333,-67.8369053139383
1313,1378.426667,-71.62971648958386
1314,1379.4,-71.49239785664331
1315,1380.373333,-75.01577416564129
1316,1381.346667,-74.95694760586818
1317,1382.32,-80.03077403734146
1318,1383.293333,-84.94659720892506
1319,1384.266667,-69.10980697270598
1320,1385.24,
1321,1386.213333,-69.07214277046643
1322,1387.186667,
1323,1388.16,-87.35550685789318
1324,1389.133333,-72.405536732751
1325,1390.106667,-70.46879468806742
1326,1391.08,-69.44228172300137
1327,1392.053333,-71.92377495194229
1328,1393.026667,-73.29102048598003
1329,1394.0,-69.29367424892583
1330,1394.973333,-70.48099766795586
1331,1395.946667,-71.4597605990883
1332,1396.92,-70.07606030686334
1333,1397.893333,-70.5396869629651
1334,1398.866667,-70.92264514889028
1335,1399.84,-74.0508945272372
1336,1400.813333,
1337,1401.786667,-71.78108894495467
1338,1402.76,-70.23105781110007
1339,1403.733333,-85.20514499928925
1340,1404.706667,-71.52308694744552
1341,1405.68,
1342,1406.653333,-69.59631071314493
1343,1407.626667,-71.60842083383537
1344,1408.6,-72.4356719221797
1345,1409.573333,-71.47605895584731
1346,1410.546667,-69.51163778422381
1347,1411.52,-73.2801240726893
1348,1412.493333,-69.430422764443
1349,1413.466667,-68.36697051834712
1350,1414.44,-70.5151552782389
1351,1415.413333,-70.79221892884243
1352,1416.386667,-77.80651471096233
1353,1417.36,
1354,1418.333333,-71.43193290238199
1355,1419.306667,-72.7369722299177
1356,1420.28,-67.93634327516065
1357,1421.253333,-72.55452564108396
1358,1422.226667,-71.59480715936587
1359,1423.2,-78.2061692758114
1360,1424.173333,-70.28786428161881
1361,1425.146667,
1362,1426.12,-70.84008042284832
1363,1427.093333,-74.07630815696932
1364,1428.066667,-70.4075127575378
1365,1429.04,-72.52727386783943
1366,1430.013333,-68.78687612515567
1367,1430.986667,-69.97351565414971
1368,1431.96,-69.53751589440994
1369,1432.933333,-74.14083690736688
1370,1433.906667,-73.65930368137813
1371,1434.88,-68.93156511299287
1372,1435.853333,-71.67302585780051
1373,1436.826667,-70.2812560817347
1374,1437.8,-71.78000734590043
1375,1438.773333,-71.75241224893644
1376,1439.746667,-72.33216196791864
1377,1440.72,-68.35787002968148
1378,1441.693333,-75.13036431792933
1379,1442.666667,-75.09812706588986
1380,1443.64,-72.58944553213635
1381,1444.613333,-69.6159884299617
1382,1445.586667,-76.31321764110163
1383,1446.56,-72.64603299322305
1384,1447.533333,
1385,1448.506667,-70.96803002213096
1386,1449.48,-76.40012013588067
1387,1450.453333,
1388,1451.426667,-68.90538062376226
1389,1452.4,-72.50071917983384
1390,1453.373333,-77.97354755343667
1391,1454.346667,-74.39757803425691
1392,1455.32,-72.72650114200735
1393,1456.293333,-71.86150164924042
1394,1457.266667,-70.13280994689029
1395,1458.24,-78.69808986529306
1396,1459.213333,-66.84681195878503
1397,1460.186667,-70.5931143343896
1398,1461.16,-77.9772728957447
1399,1462.133333,-74.33575245607058
1400,1463.106667,-68.55250967718095
1401,1464.08,-69.56305569436083
1402,1465.053333,-69.08188240691281
1403,1466.026667,-69.92249850573734
1404,1467.0,
1405,1467.973333,-75.67943305182837
1406,1468.946667,-69.38715949671332
1407,1469.92,-70.23533137822112
1408,1470.893333,-69.2045710417996
1409,1471.866667,-67.32463276414872
1410,1472.84,
1411,1473.813333,
1412,1474.786667,-68.01583258134484
1413,1475.76,-73.93879593678781
1414,1476.733333,-69.37757151476805
1415,1477.706667,-70.73742534276542
1416,1478.68,
1417,1479.653333,-67.59257169000519
1418,1480.626667,-71.71373629103577
1419,1481.6,-70.31852456815456
1420,1482.573333,-71.06888440137209
1421,1483.546667,-67.7202845249812
1422,1484.52,-78.90607986294648
1423,1485.493333,-68.37066765077311
1424,1486.466667,-70.53393796113372
1425,1487.44,-73.60622025319748
1426,1488.413333,-68.51493094855849
1427,1489.386667,-68.71884194013735
1428,1490.36,-73.0297884510987
1429,1491.333333,-69.74834703242509
1430,1492.306667,-83.22519095080949
1431,1493.28,-76.92495286051137
1432,1494.253333,-72.8081986337567
1433,1495.226667,-69.70456085871153
1434,1496.2,-71.24197557447096
1435,1497.173333,-81.49527068682215
1436,1498.146667,-71.3006605520355
1437,1499.12,-74.64746758133428
1438,1500.093333,-67.25734106604386
1439,1501.066667,-69.74277494003788
1440,1502.04,-74.75106435025951
1441,1503.013333,-67.88325949718867
1442,1503.986667,-69.94018110759207
1443,1504.96,-68.50642503350846
1444,1505.933333,-70.12063736978055
1445,1506.906667,-69.58297836787351
1446,1507.88,-74.24188645444046
1447,1508.853333,-69.92548988789406
1448,1509.826667,-76.88728331260178
1449,1510.8,-68.48163015375079
1450,1511.773333,-72.96280784326657
1451,1512.746667,-70.38044417702523
1452,1513.72,-73.36981208099984
1453,1514.693333,-68.17796185703483
1454,1515.666667,-69.78714584396778
1455,1516.64,-72.5126037781513
1456,1517.613333,-72.19502907572353
1457,1518.586667,-69.93850649933162
1458,1519.56,-73.03795672562603
1459,1520.533333,-70.30361357569357
1460,1521.506667,-74.82414563609869
1461,1522.48,-68.38905728069601
1462,1523.453333,-72.16178810315223
1463,1524.426667,-67.51121082259593
1464,1525.4,-64.45731774520709
1465,1526.373333,-71.57226768002376
1466,1527.346667,-73.61815835600612
1467,1528.32,-68.9352404953408
1468,1529.293333,-69.21001586268382
1469,1530.266667,-67.70317515229557
1470,1531.24,-73.24060277828968
1471,1532.213333,-69.80247557871255
1472,1533.186667,-70.23125327667374
1473,1534.16,-69.105567059826
1474,1535.133333,-69.77871860899629
1475,1536.106667,-78.10052705364552
1476,1537.08,-73.55474294817401
1477,1538.053333,
1478,1539.026667,-66.71046828744994
1479,1540.0,-72.11193713671675
1480,1540.973333,-74.61016053422865
1481,1541.946667,-76.35054925073311
1482,1542.92,-73.89082143395092
1483,1543.893333,-69.556595615706
1484,1544.866667,-84.89226228181444
1485,1545.84,-73.43462588431677
1486,1546.813333,-69.1317008331377
1487,1547.786667,-71.81243057644332
1488,1548.76,-68.86018210774246
1489,1549.733333,-66.70199595178036
1490,1550.706667,-68.91156002937451
1491,1551.68,-68.27251478638884
1492,1552.653333,-69.40195812510797
1493,1553.626667,-69.90248068699447
1494,1554.6,-69.02689933880959
1495,1555.573333,
1496,1556.546667,-74.51559539709484
1497,1557.52,-71.72802638880837
1498,1558.493333,
1499,1559.466667,-67.8380903432221
1500,1560.44,-75.99924324566013
1501,1561.413333,-65.52324710196105
1502,1562.386667,-71.18370862322419
1503,1563.36,
1504,1564.333333,-67.06966204327694
1505,1565.306667,-70.30787362198294
1506,1566.28,-76.0593707492153
1507,1567.253333,-70.28994237154079
1508,1568.226667,-70.71530733762116
1509,1569.2,-70.48318686760464
1510,1570.173333,-70.4390361716983
1511,1571.146667,-67.91367293181172
1512,1572.12,-69.07696453350547
1513,1573.093333,-72.52247990072526
1514,1574.066667,-68.58091101278168
1515,1575.04,-69.02491565010108
1516,1576.013333,-68.46702369355721
1517,1576.986667,-68.71820401446895
1518,1577.96,-70.68718760693774
1519,1578.933333,-79.6205311464794
1520,1579.906667,-71.28745426062517
1521,1580.88,-69.17509089624077
1522,1581.853333,-77.38207079713577
1523,1582.826667,
1524,1583.8,-69.78335956154197
1525,1584.773333,-71.25864964279236
1526,1585.746667,-73.00196881938268
1527,1586.72,-69.36078698127884
1528,1587.693333,-66.9402724267224
1529,1588.666667,-69.79404113590418
1530,1589.64,-75.17038591786896
1531,1590.613333,-68.77695433384514
1532,1591.586667,-81.16000069529187
1533,1592.56,-68.52688161071904
1534,1593.533333,-66.81054057624468
1535,1594.506667,-70.54923722448994
1536,1595.48,-70.23007320108442
1537,1596.453333,-67.89862502970172
1538,1597.426667,-68.50477347178686
1539,1598.4,-70.01375154502911
1540,1599.373333,-70.55104588272783
1541,1600.346667,-71.32659026589393
1542,1601.32,-68.62713655156074
1543,1602.293333,-73.78405183337655
1544,1603.266667,-71.92250182691546
1545,1604.24,-69.16001917444916
1546,1605.213333,-70.70948415943617
1547,1606.186667,-67.76881684366386
1548,1607.16,-71.49858166789285
1549,1608.133333,-69.5286823185693
1550,1609.106667,-69.60317395685576
1551,1610.08,-70.23399425101522
1552,1611.053333,-69.91423656930553
1553,1612.026667,-67.77291949628514
1554,1613.0,-67.71721166246945
1555,1613.973333,-70.75236295345431
1556,1614.946667,-70.5745295108468
1557,1615.92,-70.37633875304783
1558,1616.893333,-70.0810957465238
1559,1617.866667,-72.3734123564492
1560,1618.84,-64.13269126911688
1561,1619.813333,-65.63968368040192
1562,1620.786667,-62.442793357045005
1563,1621.76,-65.80870422000035
1564,1622.733333,-60.49436135419956
1565,1623.706667,-81.8703338916109
1566,1624.68,-63.57438299796996
1567,1625.653333,-60.28223983099552
1568,1626.626667,-43.928243787564796
1569,1627.6,
1570,1628.573333,-71.69693237644312
1571,1629.546667,
1572,1630.52,-65.47683527144069
1573,1631.493333,-68.96303648369668
1574,1632.466667,
1575,1633.44,-71.28628160794038
1576,1634.413333,-72.2421621022002
1577,1635.386667,-68.16547679202694
1578,1636.36,-69.01214334700573
1579,1637.333333,-73.88035895069964
1580,1638.306667,-71.18360540804643
1581,1639.28,-73.15103597322971
1582,1640.253333,-73.85521715406676
1583,1641.226667,-70.38678968430489
1584,1642.2,
1585,1643.173333,
1586,1644.146667,-72.39349660459706
1587,1645.12,-71.6969318678715
1588,1646.093333,-66.90396493119204
1589,1647.066667,-72.19026400769589
1590,1648.04,-69.76067036223105
1591,1649.013333,-66.60018024994882
1592,1649.986667,-68.72175360589513
1593,1650.96,-67.5523847274608
1594,1651.933333,-70.31555413008228
1595,1652.906667,-67.42781357314796
1596,1653.88,-70.8069860174704
1597,1654.853333,-69.62270555140107
1598,1655.826667,-66.78967802554531
1599,1656.8,-67.4209488385883
1600,1657.773333,-72.6002824033993
1601,1658.746667,-69.56861757421444
1602,1659.72,-72.0318035679925
1603,1660.693333,-68.1997733445314
1604,1661.666667,-70.09837229958652
1605,1662.64,-71.94663197964681
1606,1663.613333,-70.71750714484133
1607,1664.586667,-66.76912935158258
1608,1665.56,-71.04243176029028
1609,1666.533333,-69.59676089646848
1610,1667.506667,-71.0361116568348
1611,1668.48,-70.31323702485254
1612,1669.453333,-69.02878745358419
1613,1670.426667,-71.33002123778422
1614,1671.4,-70.48271483708606
1615,1672.373333,-70.40051178367354
1616,1673.346667,-73.70787992092755
1617,1674.32,-68.60216993505028
1618,1675.293333,-66.08910052161418
1619,1676.266667,-68.4750451912203
1620,1677.24,-74.08078811021922
1621,1678.213333,-72.63682799325082
1622,1679.186667,-73.02959624493221
1623,1680.16,-75.92324537307222
1624,1681.133333,-69.78871392382477
1625,1682.106667,-70.74354099877391
1626,1683.08,-69.57201404245885
1627,1684.053333,-65.98248661682986
1628,1685.026667,-68.10775051227792
1629,1686.0,-68.75623813808932
1630,1686.973333,-67.69357637567288
1631,1687.946667,-71.70968120174473
1632,1688.92,-69.55037039147314
1633,1689.893333,-68.21178776592107
1634,1690.866667,-68.92680346671001
1635,1691.84,-73.09143966796171
1636,1692.813333,-68.73467890532991
1637,1693.786667,-70.30028827742593
1638,1694.76,-70.9915722772787
1639,1695.733333,-69.11174725767685
1640,1696.706667,-68.66661621524547
1641,1697.68,-70.85656165342606
1642,1698.653333,-67.75456251903114
1643,1699.626667,-70.38235987275148
1644,1700.6,-68.77636333707204
1645,1701.573333,-70.47054878767294
1646,1702.546667,-66.760340516552
1647,1703.52,-71.5674695414623
1648,1704.493333,-69.50060149090157
1649,1705.466667,-69.35904974962742
1650,1706.44,-70.1788270943153
1651,1707.413333,-74.960102792686
1652,1708.386667,-69.30498161788044
1653,1709.36,-66.71298047476012
1654,1710.333333,-67.33704044382826
1655,1711.306667,-77.80763026355844
1656,1712.28,-69.33042886789497
1657,1713.253333,-68.70778514696839
1658,1714.226667,-66.55156479560351
1659,1715.2,-67.88007102925485
1660,1716.173333,-69.17292900855011
1661,1717.146667,-67.8208039944202
1662,1718.12,-65.17820943462911
1663,1719.093333,-68.64390799036113
1664,1720.066667,-66.93146751677486
1665,1721.04,-68.20914097450033
1666,1722.013333,-68.84381728414276
1667,1722.986667,-68.1674614898535
1668,1723.96,-65.60253372204147
1669,1724.933333,-67.82334833049615
1670,1725.906667,-71.4433392924958
1671,1726.88,-70.49015922305665
1672,1727.853333,-70.9694779642541
1673,1728.826667,-68.69193007250502
1674,1729.8,-75.84548987113374
1675,1730.773333,-67.71126099722838
1676,1731.746667,-68.5007198328781
1677,1732.72,-71.20021662392514
1678,1733.693333,-68.20926695680113
1679,1734.666667,-69.354088643053
1680,1735.64,-67.65155600194299
1681,1736.613333,-56.372580220786865
1682,1737.586667,-51.50977833079226
1683,1738.56,-68.11057628506906
1684,1739.533333,-70.9028727310831
1685,1740.506667,-71.95704637862866
1686,1741.48,-69.78001721044959
1687,1742.453333,-67.6132895741896
1688,1743.426667,-69.31554167205847
1689,1744.4,-69.76238789317696
1690,1745.373333,-67.73358593948906
1691,1746.346667,-67.40285933891496
1692,1747.32,-68.98863937957202
1693,1748.293333,-69.77666532222193
1694,1749.266667,-67.16031544984767
1695,1750.24,-67.68182276163516
1696,1751.213333,-68.70295781798998
1697,1752.186667,-67.16647736526782
1698,1753.16,-72.8054013900351
1699,1754.133333,-81.30160195520929
1700,1755.106667,-67.23082921580955
1701,1756.08,-67.50265062006119
1702,1757.053333,-68.2582605532794
1703,1758.026667,-67.51721095427884
1704,1759.0,-67.77783720905222
1705,1759.973333,-68.3090738382358
1706,1760.946667,-67.77770830679074
1707,1761.92,-73.56715384706226
1708,1762.893333,-70.8083034411322
1709,1763.866667,-67.64799051283889
1710,1764.84,-67.88213313956948
1711,1765.813333,-65.76787369890285
1712,1766.786667,-66.3299589274365
1713,1767.76,-69.07507006951549
1714,1768.733333,-66.79389511084753
1715,1769.706667,-68.95011283980831
1716,1770.68,-67.9825726580191
1717,1771.653333,
1718,1772.626667,-71.41380701701712
1719,1773.6,-67.41715815510159
1720,1774.573333,-67.06895392152498
1721,1775.546667,-69.25829603600843
1722,1776.52,-67.51922059781266
1723,1777.493333,-66.48649584873364
1724,1778.466667,-70.44802735267425
1725,1779.44,-69.79103190823525
1726,1780.413333,-77.25990749696325
1727,1781.386667,-89.25087216508214
1728,1782.36,-67.6422404076354
1729,1783.333333,-68.50576475240817
1730,1784.306667,-67.2568152958733
1731,1785.28,
1732,1786.253333,-69.0672777764403
1733,1787.226667,-69.95250105212772
1734,1788.2,-70.51706776802584
1735,1789.173333,-67.62823736226743
1736,1790.146667,-76.18507369358818
1737,1791.12,-66.72584625686974
1738,1792.093333,-64.89656029472694
1739,1793.066667,-72.24179854888197
1740,1794.04,-69.60939072069614
1741,1795.013333,-74.7050038840512
1742,1795.986667,-69.87269164964646
1743,1796.96,-69.30239781399524
1744,1797.933333,-66.54444842156607
1745,1798.906667,-68.90170357770549
1746,1799.88,-66.27773413833643
1747,1800.853333,-68.7897489212904
1748,1801.826667,-66.16137482179055
1749,1802.8,-71.36283121681328
1750,1803.773333,-68.50249964963322
1751,1804.746667,-67.90152404377173
1752,1805.72,-66.07121193692505
1753,1806.693333,-66.16164007052174
1754,1807.666667,-67.29976975615486
1755,1808.64,-73.22286919643466
1756,1809.613333,-67.643451693241
1757,1810.586667,-69.11868339813611
1758,1811.56,-78.35713332971652
1759,1812.533333,-72.91387219879074
1760,1813.506667,-68.51787039588613
1761,1814.48,-67.58558746213632
1762,1815.453333,-69.78763660075933
1763,1816.426667,-68.16394244210323
1764,1817.4,-69.3410087411325
1765,1818.373333,-71.0036620343327
1766,1819.346667,-70.75718611838509
1767,1820.32,-74.35877874150783
1768,1821.293333,
1769,1822.266667,-67.37048734794078
1770,1823.24,-82.83615323616124
1771,1824.213333,-72.24025007541024
1772,1825.186667,-67.61803506962978
1773,1826.16,-68.95422905166889
1774,1827.133333,-68.3536903560981
1775,1828.106667,-66.41797097031416
1776,1829.08,-73.66393729718003
1777,1830.053333,-69.0958979860388
1778,1831.026667,-67.0030505667553
1779,1832.0,-68.60974239637844
1780,1832.973333,-65.84720610766763
1781,1833.946667,-67.37388683134026
1782,1834.92,-67.63262545992913
1783,1835.893333,-66.93732729375898
1784,1836.866667,-69.50952550723171
1785,1837.84,-70.06311428700981
1786,1838.813333,-69.58456120813202
1787,1839.786667,-73.86738908065563
1788,1840.76,-67.59516446819295
1789,1841.733333,-70.05719925079656
1790,1842.706667,-69.31792470391431
1791,1843.68,-65.68137771026849
1792,1844.653333,-67.4566440401757
1793,1845.626667,-70.93570574675456
1794,1846.6,-68.99968702879441
1795,1847.573333,-67.46280518847483
1796,1848.546667,-66.53713615743429
1797,1849.52,-72.02868490573982
1798,1850.493333,-72.71367630356667
1799,1851.466667,-73.94835769450475
1800,1852.44,-65.98208516779192
1801,1853.413333,-67.68936851149687
1802,1854.386667,-65.77966072929922
1803,1855.36,-69.9158322534526
1804,1856.333333,-67.80764531807692
1805,1857.306667,-75.59990815294894
1806,1858.28,-68.41625999574742
1807,1859.253333,-66.58289573538117
1808,1860.226667,
1809,1861.2,-66.76975035463757
1810,1862.173333,-69.09789187468023
1811,1863.146667,-67.7660712883929
1812,1864.12,-66.96406486627336
1813,1865.093333,-66.76726789399049
1814,1866.066667,-68.43438672656777
1815,1867.04,-68.75392548187395
1816,1868.013333,-69.51099754540108
1817,1868.986667,-69.25992307612724
1818,1869.96,-75.49422936875447
1819,1870.933333,-67.93222823435866
1820,1871.906667,-73.66326839426794
1821,1872.88,-71.81256222159067
1822,1873.853333,-67.54596361740266
1823,1874.826667,
1824,1875.8,-69.91050719132096
1825,1876.773333,-68.98517903197038
1826,1877.746667,-66.52111138240386
1827,1878.72,-68.19434895495537
1828,1879.693333,-68.5680223741438
1829,1880.666667,-69.57347426265248
1830,1881.64,-71.55292080890443
1831,1882.613333,-70.45400812252284
1832,1883.586667,-68.4258849735885
1833,1884.56,-72.5051916078349
1834,1885.533333,-67.24323832956371
1835,1886.506667,-65.54983997144265
1836,1887.48,-66.9162619181777
1837,1888.453333,-70.6000576291336
1838,1889.426667,-70.4432903485941
1839,1890.4,-74.54390121445027
1840,1891.373333,-68.53678470105697
1841,1892.346667,-69.28357124565593
1842,1893.32,-70.06909466180923
1843,1894.293333,-69.52684468518818
1844,1895.266667,-72.59725782198772
1845,1896.24,
1846,1897.213333,-67.27088425047795
1847,1898.186667,-66.56589340814088
1848,1899.16,-77.85842509827334
1849,1900.133333,-73.74477910830161
1850,1901.106667,-71.21986156740157
1851,1902.08,-68.2177980872933
1852,1903.053333,-72.1498078278236
1853,1904.026667,-73.18685657960526
1854,1905.0,-73.57889100581536
1855,1905.973333,-71.7101070216488
1856,1906.946667,-68.01262238682779
1857,1907.92,-74.7812735795631
1858,1908.893333,-66.5396428497335
1859,1909.866667,-70.69885250740903
1860,1910.84,-67.38108159393165
1861,1911.813333,-67.56154458367465
1862,1912.786667,-68.90926890360997
1863,1913.76,-68.97327640890701
1864,1914.733333,-66.8080223579407
1865,1915.706667,-69.49045446008572
1866,1916.68,-69.97744109694818
1867,1917.653333,-79.87655170176336
1868,1918.626667,-72.92299913966046
1869,1919.6,-65.32850775638968
1870,1920.573333,-67.57824463144371
1871,1921.546667,-68.17855701282738
1872,1922.52,
1873,1923.493333,-65.45366930424032
1874,1924.466667,-70.03181423668379
1875,1925.44,-66.86045841549277
1876,1926.413333,-67.75696573399063
1877,1927.386667,-66.29569600011308
1878,1928.36,-69.93871785819351
1879,1929.333333,-66.25808111421439
1880,1930.306667,-66.25050730747924
1881,1931.28,-68.96427093697065
1882,1932.253333,-69.01179917279337
1883,1933.226667,-67.20976015953946
1884,1934.2,
1885,1935.173333,-67.43074509158946
1886,1936.146667,-66.36961018935602
1887,1937.12,-67.89172911195705
1888,1938.093333,-67.83572110676444
1889,1939.066667,-68.98213738209424
1890,1940.04,-66.72551228700607
1891,1941.013333,-67.39213514429008
1892,1941.986667,-69.98266156980891
1893,1942.96,-66.65998194071746
1894,1943.933333,-74.6393761580465
1895,1944.906667,-69.9693844260925
1896,1945.88,-63.76992123821385
1897,1946.853333,-67.39149494649241
1898,1947.826667,-65.93393930619706
1899,1948.8,-67.56078227057947
1900,1949.773333,-67.01990170212078
1901,1950.746667,-68.296334533874
1902,1951.72,-69.7404308551149
1903,1952.693333,-72.04415085254568
1904,1953.666667,-66.84954984971549
1905,1954.64,-65.37471210607733
1906,1955.613333,-66.1621339376444
1907,1956.586667,-65.59856177685076
1908,1957.56,-68.40326365226522
1909,1958.533333,-75.36043771690268
1910,1959.506667,-67.62005710919038
1911,1960.48,-71.32926429947727
1912,1961.453333,-67.40146636681396
1913,1962.426667,-64.6715876810167
1914,1963.4,-67.12999508132577
1915,1964.373333,-67.45503140047242
1916,1965.346667,-66.97339161107644
1917,1966.32,-74.1048305520045
1918,1967.293333,-69.00035330057405
1919,1968.266667,-69.2561132647817
1920,1969.24,-67.9799160272698
1921,1970.213333,-67.22929085036918
1922,1971.186667,-65.8985262090009
1923,1972.16,-65.123508133096
1924,1973.133333,-66.83648745525889
1925,1974.106667,-65.20394533952265
1926,1975.08,-72.24932415896629
1927,1976.053333,-73.31342848456256
1928,1977.026667,-66.92963094899333
1929,1978.0,-68.31910858983699
1930,1978.973333,
1931,1979.946667,-65.67977365657954
1932,1980.92,-68.07083696206487
1933,1981.893333,-67.91146495875321
1934,1982.866667,-66.29692384053514
1935,1983.84,-66.63242098874359
1936,1984.813333,-68.8304209145426
1937,1985.786667,-70.0769642666915
1938,1986.76,-73.22633415069177
1939,1987.733333,-75.20310742716256
1940,1988.706667,
1941,1989.68,-71.1583046814423
1942,1990.653333,-66.52787103292816
1943,1991.626667,-83.26386970595438
1944,1992.6,-67.30559793636856
1945,1993.573333,-71.82614718452635
1946,1994.546667,-67.05078908509387
1947,1995.52,-66.16426371601425
1948,1996.493333,-68.13778046219471
1949,1997.466667,-66.72187536696039
1950,1998.44,-71.58327828183351
1951,1999.413333,-65.32111404019031
1952,2000.386667,-67.1215667186853
1953,2001.36,-65.22884021110126
1954,2002.333333,-68.87388677063919
1955,2003.306667,-65.52483071697706
1956,2004.28,-71.22000129661788
1957,2005.253333,-67.64664074426582
1958,2006.226667,-68.17250913436496
1959,2007.2,-66.34292565136857
1960,2008.173333,-68.48384777858729
1961,2009.146667,-68.27320532439549
1962,2010.12,-66.39485102618407
1963,2011.093333,-68.37276404432083
1964,2012.066667,-66.51494974839457
1965,2013.04,-70.99287820444802
1966,2014.013333,-71.91891290147028
1967,2014.986667,-72.8617558976971
1968,2015.96,-68.14108322509848
1969,2016.933333,-65.12372659915546
1970,2017.906667,-68.75832436761166
1971,2018.88,-72.79434475335515
1972,2019.853333,-70.75426537409413
1973,2020.826667,-66.64859439660957
1974,2021.8,-70.66086612942429
1975,2022.773333,-66.32133160352764
1976,2023.746667,-66.50791060956027
1977,2024.72,-64.98794084522439
1978,2025.693333,-67.56523882936638
1979,2026.666667,-64.57724541641849
1980,2027.64,-67.29010013015339
1981,2028.613333,-66.54432862267976
1982,2029.586667,-69.84293778568393
1983,2030.56,-66.36523304066873
1984,2031.533333,-69.08323645189634
1985,2032.506667,
1986,2033.48,-70.87094432418654
1987,2034.453333,
1988,2035.426667,-80.51228618416297
1989,2036.4,-66.91219859675587
1990,2037.373333,-64.91112703708696
1991,2038.346667,-64.77711644225695
1992,2039.32,-69.08205807269982
1993,2040.293333,-66.5030020552075
1994,2041.266667,-72.55781708609463
1995,2042.24,-66.45687198152656
1996,2043.213333,-65.89794577073275
1997,2044.186667,-76.89275384529921
1998,2045.16,-69.52549644698925
1999,2046.133333,-71.61813956592752
2000,2047.106667,-73.2413568333945
2001,2048.08,-70.4457718489735
2002,2049.053333,-67.77195265787496
2003,2050.026667,-71.42976162033926
2004,2051.0,-71.35365398463217
2005,2051.973333,-65.04207327392437
2006,2052.946667,-64.18250180059502
2007,2053.92,-67.54205497496787
2008,2054.893333,-68.86950063606082
2009,2055.866667,-66.92574777969108
2010,2056.84,-67.32727986669866
2011,2057.813333,-65.14193372725758
2012,2058.786667,-67.76985657510225
2013,2059.76,-71.36291752671215
2014,2060.733333,-66.89926406794443
2015,2061.706667,-65.95939249462145
2016,2062.68,-71.4209914721185
2017,2063.653333,-69.73358541845701
2018,2064.626667,-65.63834421581157
2019,2065.6,-65.90305526664966
2020,2066.573333,-67.60424948791784
2021,2067.546667,-65.86064843925425
2022,2068.52,-68.84493234470693
2023,2069.493333,-68.53999079778416
2024,2070.466667,-69.2014206650224
2025,2071.44,-71.86971994228233
2026,2072.413333,-66.80647325283591
2027,2073.386667,-69.27518013102257
2028,2074.36,-66.91700163958369
2029,2075.333333,-68.94322920142359
2030,2076.306667,-66.38453856018845
2031,2077.28,-68.90779378663821
2032,2078.253333,-74.12344876630488
2033,2079.226667,-65.457326569156
2034,2080.2,-70.00071034871766
2035,2081.173333,-65.32796564306564
2036,2082.146667,-65.6668245538212
2037,2083.12,
2038,2084.093333,-69.73406379586731
2039,2085.066667,-67.62793964367566
2040,2086.04,-67.3432331540778
2041,2087.013333,-65.06024711318983
2042,2087.986667,-66.88711288781631
2043,2088.96,-64.20444905256525
2044,2089.933333,-65.70139863528284
2045,2090.906667,-64.00748886954457
2046,2091.88,-67.8440769223973
2047,2092.853333,-66.25434630239623
2048,2093.826667,-66.48566187346388
2049,2094.8,-74.91933184756923
2050,2095.773333,-69.68538473897294
2051,2096.746667,
2052,2097.72,-68.30168695117194
2053,2098.693333,-71.15322194937814
2054,2099.666667,-64.24581990613987
2055,2100.64,-64.52875283580019
2056,2101.613333,-67.60623822928899
2057,2102.586667,-67.27223239587816
2058,2103.56,-63.40252576695942
2059,2104.533333,-67.25994316116297
2060,2105.506667,-73.35825066759885
2061,2106.48,-69.35853865117652
2062,2107.453333,-66.62008777655169
2063,2108.426667,-67.4211934456306
2064,2109.4,-67.20288645681342
2065,2110.373333,-64.93318620992848
2066,2111.346667,-65.951165837486
2067,2112.32,-67.38740792628892
2068,2113.293333,-65.94467629187179
2069,2114.266667,-69.84715903890185
2070,2115.24,-66.98984230303721
2071,2116.213333,-68.41787974003219
2072,2117.186667,-66.8075454473456
2073,2118.16,-69.06483043029097
2074,2119.133333,-66.94518012418993
2075,2120.106667,-68.18109038958782
2076,2121.08,-66.39437046813288
2077,2122.053333,-67.32611344713185
2078,2123.026667,-65.85468400343726
2079,2124.0,-69.42387396065281
2080,2124.973333,-64.76168309744573
2081,2125.946667,-68.07581410562854
2082,2126.92,-65.76827648117333
2083,2127.893333,-66.76856062625882
2084,2128.866667,-66.77882328326498
2085,2129.84,-73.50583697598307
2086,2130.813333,-75.6358970343131
2087,2131.786667,-66.52229114909746
2088,2132.76,-71.19896958505564
2089,2133.733333,-66.24120944150812
2090,2134.706667,-66.33096070072602
2091,2135.68,-72.58730691521839
2092,2136.653333,-64.6739940111701
2093,2137.626667,-72.69157634784496
2094,2138.6,-65.90714446724982
2095,2139.573333,-66.40243494528308
2096,2140.546667,-64.11639150132069
2097,2141.52,-62.514941141478026
2098,2142.493333,-63.8068227892266
2099,2143.466667,-71.48965948840623
2100,2144.44,-66.73105761851679
2101,2145.413333,-65.50381341891793
2102,2146.386667,-69.30939407308243
2103,2147.36,-67.2430924309026
2104,2148.333333,-70.25168764960411
2105,2149.306667,-63.11505119996251
2106,2150.28,-66.67069364854514
2107,2151.253333,-65.7858169856083
2108,2152.226667,-64.18647954631032
2109,2153.2,-69.01782774789278
2110,2154.173333,-67.20053652241171
2111,2155.146667,-62.1815207986627
2112,2156.12,-67.82960122027069
2113,2157.093333,-64.70767743503372
2114,2158.066667,-64.1732125751694
2115,2159.04,-68.73026479800035
2116,2160.013333,-65.84383955323719
2117,2160.986667,-68.90810054214376
2118,2161.96,-68.76129914918215
2119,2162.933333,-69.61681222202473
2120,2163.906667,-71.2524657752756
2121,2164.88,-68.1425986052782
2122,2165.853333,-67.79993497470814
2123,2166.826667,-64.52915629261778
2124,2167.8,-65.25467330938486
2125,2168.773333,-71.51852569028544
2126,2169.746667,-63.42566794550649
2127,2170.72,-65.4363047889559
2128,2171.693333,-77.13954280515404
2129,2172.666667,-66.72608260727665
2130,2173.64,-67.98533782052895
2131,2174.613333,-64.18750858471475
2132,2175.586667,-76.1109579666696
2133,2176.56,-70.15945762601348
2134,2177.533333,-69.91080944716333
2135,2178.506667,-69.07192926888405
2136,2179.48,-67.21962136681272
2137,2180.453333,-76.29847872275231
2138,2181.426667,-66.64005147403842
2139,2182.4,-69.89016807414222
2140,2183.373333,-69.22431902718368
2141,2184.346667,-65.22696257350387
2142,2185.32,-65.08967475437143
2143,2186.293333,-67.30840386916356
2144,2187.266667,-69.65464554807616
2145,2188.24,-66.49776027922287
2146,2189.213333,
2147,2190.186667,
2148,2191.16,-65.83290941853973
2149,2192.133333,-66.24919765536204
2150,2193.106667,-63.96575368520211
2151,2194.08,-70.56164621303083
2152,2195.053333,-68.26867594230906
2153,2196.026667,-65.97117744299497
2154,2197.0,-65.02953231179865
2155,2197.973333,-64.77557488590895
2156,2198.946667,-70.09434384148776
2157,2199.92,-78.17864933941493
2158,2200.893333,-62.29978887706862
2159,2201.866667,-68.97741435159237
2160,2202.84,-65.617170612331
2161,2203.813333,-66.4261482451917
2162,2204.786667,-63.05902182698186
2163,2205.76,-61.71079220479115
2164,2206.733333,-68.54296399698147
2165,2207.706667,-70.69485268228271
2166,2208.68,-71.01668792259072
2167,2209.653333,-65.03754946544153
2168,2210.626667,-66.64755461275278
2169,2211.6,-68.81663638534808
2170,2212.573333,-63.67284673688529
2171,2213.546667,-64.96841951300493
2172,2214.52,-74.3599720584061
2173,2215.493333,-64.75607434070182
2174,2216.466667,-68.01402141124358
2175,2217.44,-66.21592738963118
2176,2218.413333,-64.137158750433
2177,2219.386667,-68.66921296028009
2178,2220.36,-64.24229937370762
2179,2221.333333,-77.61177201075559
2180,2222.306667,-67.16075069569858
2181,2223.28,-65.88614172858658
2182,2224.253333,-68.64309382904325
2183,2225.226667,-63.05344359445908
2184,2226.2,
2185,2227.173333,-65.31752497196807
2186,2228.146667,-65.91257103751487
2187,2229.12,-73.27698371479758
2188,2230.093333,-66.59496777304739
2189,2231.066667,-65.16124038537122
2190,2232.04,-66.1489584403192
2191,2233.013333,-69.11317598308298
2192,2233.986667,-66.04109541930802
2193,2234.96,
2194,2235.933333,-64.40805048335646
2195,2236.906667,-69.15686150142022
2196,2237.88,-71.71300969226758
2197,2238.853333,-64.14931039840411
2198,2239.826667,-83.96080367806803
2199,2240.8,-64.99635912364043
2200,2241.773333,-66.35721929455426
2201,2242.746667,-68.5959869545417
2202,2243.72,-68.67651384115815
2203,2244.693333,-65.1469539386853
2204,2245.666667,-67.46064644729417
2205,2246.64,-67.92606396007233
2206,2247.613333,-67.45293639703279
2207,2248.586667,-71.86284068423882
2208,2249.56,-65.30445313060741
2209,2250.533333,
2210,2251.506667,-70.93636248675935
2211,2252.48,-65.87563827531639
2212,2253.453333,-65.10317275126711
2213,2254.426667,-66.81010159827514
2214,2255.4,-75.05274447031985
2215,2256.373333,-62.88228226662291
2216,2257.346667,-73.65199084891219
2217,2258.32,-65.38321988413904
2218,2259.293333,-63.75685379750891
2219,2260.266667,-67.800196495249
2220,2261.24,-64.3335785880399
2221,2262.213333,-66.5106039276822
2222,2263.186667,-71.07927482341134
2223,2264.16,-70.48632196377403
2224,2265.133333,-64.7589123348233
2225,2266.106667,-76.12235967502815
2226,2267.08,-69.42264368883441
2227,2268.053333,
2228,2269.026667,-65.46474828906874
2229,2270.0,-70.23237190682217
2230,2270.973333,-66.92596913438604
2231,2271.946667,-64.54390867424328
2232,2272.92,-64.2790038264984
2233,2273.893333,-66.35885539742912
2234,2274.866667,-66.40557885010013
2235,2275.84,-64.63222657465549
2236,2276.813333,-61.977681785180835
2237,2277.786667,-64.31533191016185
2238,2278.76,-65.81003561847083
2239,2279.733333,-66.72289220000015
2240,2280.706667,-65.94398105448971
2241,2281.68,-69.12111628037829
2242,2282.653333,-67.63067684416949
2243,2283.626667,-68.89072919120011
2244,2284.6,-69.15191990871156
2245,2285.573333,-67.02677057036178
2246,2286.546667,-67.4824522839615
2247,2287.52,-64.93191394640847
2248,2288.493333,-66.02889410101471
2249,2289.466667,-68.23544983767358
2250,2290.44,-64.53806087753928
2251,2291.413333,-65.2624362626186
2252,2292.386667,
2253,2293.36,-66.9129674853774
2254,2294.333333,-65.2925983452175
2255,2295.306667,-66.4564782204774
2256,2296.28,-69.90663535881885
2257,2297.253333,-64.99619600777376
2258,2298.226667,-64.70936115010058
2259,2299.2,-64.86327534704857
2260,2300.173333,-70.18011954813173
2261,2301.146667,-80.58807529594495
2262,2302.12,-63.32763359772524
2263,2303.093333,-66.5827481065432
2264,2304.066667,-65.0908398066737
2265,2305.04,-86.19886452938616
2266,2306.013333,-69.83939454105551
2267,2306.986667,-64.71206664878153
2268,2307.96,
2269,2308.933333,
2270,2309.906667,-65.04173551581596
2271,2310.88,-69.28221001994082
2272,2311.853333,-64.84317815705327
2273,2312.826667,-65.5246736102905
2274,2313.8,-65.21381169525186
2275,2314.773333,-64.25071604665402
2276,2315.746667,-68.63529210411114
2277,2316.72,-63.315728284214444
2278,2317.693333,-65.80245058311255
2279,2318.666667,-68.95485050869608
2280,2319.64,-64.18520994005621
2281,2320.613333,-64.90456437564407
2282,2321.586667,-67.04336788286246
2283,2322.56,-65.6974168848117
2284,2323.533333,-67.92343039949654
2285,2324.506667,-65.1536266147354
2286,2325.48,-66.1232487405208
2287,2326.453333,-68.23584932920518
2288,2327.426667,-65.80077476499973
2289,2328.4,-67.31538440579763
2290,2329.373333,-65.81550201077616
2291,2330.346667,-65.78995562672435
2292,2331.32,-63.614916510302315
2293,2332.293333,
2294,2333.266667,-64.91499815802517
2295,2334.24,-66.48306380852938
2296,2335.213333,-72.26454557450145
2297,2336.186667,-65.63963109919389
2298,2337.16,-64.23411841039547
2299,2338.133333,-66.5905444965518
2300,2339.106667,-66.33679428233822
2301,2340.08,-63.875641228849375
2302,2341.053333,-66.23660781743983
2303,2342.026667,-62.59990621604838
2304,2343.0,-65.42607539061439
2305,2343.973333,-66.63003666591473
2306,2344.946667,-70.33281093097305
2307,2345.92,-68.2747434794722
2308,2346.893333,-68.15049129325654
2309,2347.866667,-66.9605662773649
2310,2348.84,-67.4500695879114
2311,2349.813333,-71.00835653019627
2312,2350.786667,-74.75798036422782
2313,2351.76,-64.06964865017673
2314,2352.733333,
2315,2353.706667,-66.30202170968187
2316,2354.68,-64.61538094878242
2317,2355.653333,-66.30616250702509
2318,2356.626667,-69.55374976170711
2319,2357.6,-67.31412175096067
2320,2358.573333,-67.35609503511509
2321,2359.546667,-70.9523153977616
2322,2360.52,-66.31547354063842
2323,2361.493333,-65.25065570992551
2324,2362.466667,-65.89999328337198
2325,2363.44,-66.41977119101902
2326,2364.413333,-66.79955848746162
2327,2365.386667,-71.01313828905612
2328,2366.36,-68.88673263518703
2329,2367.333333,-68.49816319757213
2330,2368.306667,-66.81741840410014
2331,2369.28,
2332,2370.253333,-63.31308815776988
2333,2371.226667,-66.31548312410973
2334,2372.2,-62.86030305690221
2335,2373.173333,
2336,2374.146667,-64.55016209021578
2337,2375.12,-65.10198972557036
2338,2376.093333,-67.94736183552429
2339,2377.066667,-67.9046602276052
2340,2378.04,-65.69743263518373
2341,2379.013333,
2342,2379.986667,-66.07791872285857
2343,2380.96,-64.05581722799258
2344,2381.933333,-65.03963195709483
2345,2382.906667,-65.85499899638755
2346,2383.88,-65.1256739674238
2347,2384.853333,-68.97223450089895
2348,2385.826667,-68.76133894899925
2349,2386.8,-65.4107585540037
2350,2387.773333,-68.92113571931613
2351,2388.746667,
2352,2389.72,-66.11260047284756
2353,2390.693333,-66.05577164122064
2354,2391.666667,-67.55315999111745
2355,2392.64,-80.66753196533652
2356,2393.613333,-65.92260536341107
2357,2394.586667,-66.80034836612342
2358,2395.56,-69.49264058472151
2359,2396.533333,-67.71644024577226
2360,2397.506667,-68.22750636078902
2361,2398.48,-66.69947814437863
2362,2399.453333,-66.77374134353202
2363,2400.426667,-65.19822642296987
2364,2401.4,-72.29309636923287
2365,2402.373333,-67.21151467053666
2366,2403.346667,-70.57455985553173
2367,2404.32,-65.13955986391831
2368,2405.293333,-68.73491453655036
2369,2406.266667,
2370,2407.24,-68.93512253941394
2371,2408.213333,-66.39060370581453
2372,2409.186667,-65.93205975193804
2373,2410.16,-67.64448205997793
2374,2411.133333,-66.21326157798764
2375,2412.106667,-65.03256765168145
2376,2413.08,-66.79175904206834
2377,2414.053333,-68.09493024727098
2378,2415.026667,-67.57487923788143
2379,2416.0,-65.50224283109998
2380,2416.973333,-66.4317471120892
2381,2417.946667,-65.00174795992932
2382,2418.92,-67.59874175182769
2383,2419.893333,-68.20674289549864
2384,2420.866667,-63.56800049975018
2385,2421.84,
2386,2422.813333,-66.289244813211
2387,2423.786667,-65.23754002698207
2388,2424.76,-65.29274287642438
2389,2425.733333,-68.40887873409136
2390,2426.706667,-64.89963108063327
2391,2427.68,-65.03873134208851
2392,2428.653333,-66.84878258058205
2393,2429.626667,
2394,2430.6,
2395,2431.573333,-64.5919776603417
2396,2432.546667,-69.21444592678674
2397,2433.52,-67.16079702921219
2398,2434.493333,-64.54252991055361
2399,2435.466667,-67.33231890861137
2400,2436.44,-68.48241630277167
2401,2437.413333,-65.47348569593221
2402,2438.386667,-67.33710152690081
2403,2439.36,-63.61552705178207
2404,2440.333333,-65.57911657712792
2405,2441.306667,-64.13238847128557
2406,2442.28,-65.06260483200948
2407,2443.253333,-65.08681881760879
2408,2444.226667,-61.23862455720711
2409,2445.2,-63.40371174288517
2410,2446.173333,-65.73946669724668
2411,2447.146667,-66.99324904632124
2412,2448.12,-66.56639471172353
2413,2449.093333,-69.16885610025507
2414,2450.066667,-67.25070432958671
2415,2451.04,
2416,2452.013333,-66.07103922875011
2417,2452.986667,-65.96227080273246
2418,2453.96,-65.13672651876716
2419,2454.933333,-68.73316451443904
2420,2455.906667,-65.46903839890635
2421,2456.88,
2422,2457.853333,-65.2798557713295
2423,2458.826667,-64.53978436522733
2424,2459.8,-63.63932019593093
2425,2460.773333,-66.21882230709691
2426,2461.746667,-62.32764441725536
2427,2462.72,-66.95371372403825
2428,2463.693333,-64.70380965826692
2429,2464.666667,-63.94536419476207
2430,2465.64,-67.02880715225398
2431,2466.613333,
2432,2467.586667,-64.63547563381891
2433,2468.56,-66.6270743321053
2434,2469.533333,-63.16197826519172
2435,2470.506667,-65.0002348648591
2436,2471.48,-64.55722826206008
2437,2472.453333,-64.74720566404062
2438,2473.426667,-62.680840212827704
2439,2474.4,
2440,2475.373333,-69.89316729549219
2441,2476.346667,-66.80960826919203
2442,2477.32,-62.30247067677732
2443,2478.293333,-70.8951273982067
2444,2479.266667,-66.93295629331013
2445,2480.24,-66.5595676946861
2446,2481.213333,-64.52349585826471
2447,2482.186667,-61.760049641396684
2448,2483.16,-64.06480179700192
2449,2484.133333,-66.68620481591354
2450,2485.106667,-65.42711145124342
2451,2486.08,-65.3615835020297
2452,2487.053333,-62.427131216658324
2453,2488.026667,-68.10007912226762
2454,2489.0,-64.8791850735842
2455,2489.973333,-67.85842677153165
2456,2490.946667,-64.60608478315693
2457,2491.92,-61.749634471842725
2458,2492.893333,-65.96921547800565
2459,2493.866667,-64.41952980109816
2460,2494.84,-60.900686430963646
2461,2495.813333,-63.60867019169316
2462,2496.786667,-64.34268911330024
2463,2497.76,-66.75065147725402
2464,2498.733333,-63.492817759118516
2465,2499.706667,-63.210650886061615
2466,2500.68,-62.404799521305904
2467,2501.653333,-63.780244485649796
2468,2502.626667,-64.42803031443387
2469,2503.6,-63.77626436558275
2470,2504.573333,-63.93995993243372
2471,2505.546667,-67.09328911392242
2472,2506.52,-65.80573318808715
2473,2507.493333,-64.92582970458741
2474,2508.466667,-68.65866637550876
2475,2509.44,-64.99796710092963
2476,2510.413333,-70.54222193029359
2477,2511.386667,-65.71737319799206
2478,2512.36,-65.92113467982355
2479,2513.333333,-62.513990752058994
2480,2514.306667,-67.40939093144148
2481,2515.28,-68.23857770005941
2482,2516.253333,-69.71095415385817
2483,2517.226667,-66.30879944248444
2484,2518.2,
2485,2519.173333,-64.04466567689195
2486,2520.146667,-65.96091102935672
2487,2521.12,-66.48020040422938
2488,2522.093333,-63.88446502002065
2489,2523.066667,-65.58546925781725
2490,2524.04,-66.98998050832121
2491,2525.013333,-70.7399998051329
2492,2525.986667,-65.33127810892248
2493,2526.96,-62.704335393010446
2494,2527.933333,-65.38630737108248
2495,2528.906667,-65.78750522917011
2496,2529.88,-83.1711020023053
2497,2530.853333,-63.520178556081405
2498,2531.826667,-65.3515203111279
2499,2532.8,-63.316021083020416
2500,2533.773333,-65.9549411163278
2501,2534.746667,-66.06023725971076
2502,2535.72,
2503,2536.693333,-65.97821318596479
2504,2537.666667,-65.39262295285033
2505,2538.64,-72.56406286689261
2506,2539.613333,
2507,2540.586667,-68.23256206541134
2508,2541.56,-65.17602030501192
2509,2542.533333,-63.53112925507762
2510,2543.506667,-65.54623575786904
2511,2544.48,-66.19804606117984
2512,2545.453333,-66.44607111771734
2513,2546.426667,-66.5509924582258
2514,2547.4,-64.1638628048417
2515,2548.373333,-67.74298662741717
2516,2549.346667,-66.65143763863159
2517,2550.32,-77.16320666092459
2518,2551.293333,-64.08916328335336
2519,2552.266667,-69.00987773487375
2520,2553.24,-77.58681315638549
2521,2554.213333,-65.27694197172204
2522,2555.186667,-66.12753049170391
2523,2556.16,-73.10792554024604
2524,2557.133333,-65.65734493650336
2525,2558.106667,-63.571919693608436
2526,2559.08,-66.38901072056326
2527,2560.053333,-65.01252417503596
2528,2561.026667,-70.99873111256218
2529,2562.0,-67.53445391369974
2530,2562.973333,-61.87600983196628
2531,2563.946667,-62.03036002706406
2532,2564.92,-69.60681166084483
2533,2565.893333,-64.99315622711481
2534,2566.866667,-64.28534866544423
2535,2567.84,-67.0692455749305
2536,2568.813333,-66.21181983266135
2537,2569.786667,-64.93962117359871
2538,2570.76,-68.6386397390321
2539,2571.733333,-67.00605826822563
2540,2572.706667,-65.12535246851226
2541,2573.68,-63.765763250681154
2542,2574.653333,-68.00151230829975
2543,2575.626667,-64.34065240412627
2544,2576.6,-66.63653213186993
2545,2577.573333,-64.5178986464148
2546,2578.546667,-64.81218520370426
2547,2579.52,-66.62715944379894
2548,2580.493333,-62.412573446131184
2549,2581.466667,-64.15329987759593
2550,2582.44,-64.69981198819863
2551,2583.413333,-64.76400844581542
2552,2584.386667,-65.56688238464359
2553,2585.36,-64.56139791978829
2554,2586.333333,-82.71111433072775
2555,2587.306667,-68.97809049273116
2556,2588.28,-66.90588926542256
2557,2589.253333,-61.54602919494893
2558,2590.226667,-62.849808286543905
2559,2591.2,-65.92088918646313
2560,2592.173333,-70.46816545332716
2561,2593.146667,-66.95905769380728
2562,2594.12,-64.16186845428231
2563,2595.093333,-76.24077848294382
2564,2596.066667,-64.64201315538104
2565,2597.04,-62.91193529273479
2566,2598.013333,-67.7368557248809
2567,2598.986667,-62.86828787146706
2568,2599.96,-65.61072487881823
2569,2600.933333,-61.940783648964214
2570,2601.906667,-65.3809976856798
2571,2602.88,-65.8468285188479
2572,2603.853333,-63.19628988019624
2573,2604.826667,-64.81864963359224
2574,2605.8,-66.45034854292399
2575,2606.773333,-65.24163114351266
2576,2607.746667,-66.94924602761603
2577,2608.72,-63.95982154793327
2578,2609.693333,-65.3597163297244
2579,2610.666667,-63.334718427318954
2580,2611.64,-63.721808662121084
2581,2612.613333,-75.4719773168066
2582,2613.586667,-61.45509549927258
2583,2614.56,-63.80550678359726
2584,2615.533333,-63.53896761052632
2585,2616.506667,-64.21515166029079
2586,2617.48,-66.42226040125
2587,2618.453333,-68.54702118239366
2588,2619.426667,-63.72378681255368
2589,2620.4,
2590,2621.373333,
2591,2622.346667,-66.13478791289475
2592,2623.32,-62.375949112160356
2593,2624.293333,-62.82253674676323
2594,2625.266667,-64.92920261147646
2595,2626.24,-65.53835305750543
2596,2627.213333,-68.86908901265004
2597,2628.186667,-65.40748761888423
2598,2629.16,-64.04739474757667
2599,2630.133333,-62.25077496778806
2600,2631.106667,-73.30150609268982
2601,2632.08,-64.29103102118172
2602,2633.053333,-72.4471054715639
2603,2634.026667,-63.4554147378683
2604,2635.0,-69.69490946846327
2605,2635.973333,
2606,2636.946667,-64.63436007911513
2607,2637.92,-66.90668339531001
2608,2638.893333,-66.18531895424567
2609,2639.866667,-63.752508875299924
2610,2640.84,-64.15818344371114
2611,2641.813333,-65.1983553242123
2612,2642.786667,-65.0325159063735
2613,2643.76,-65.70277536584
2614,2644.733333,-64.03067995817416
2615,2645.706667,-61.48629623692318
2616,2646.68,-62.28084272855792
2617,2647.653333,-61.23813257370378
2618,2648.626667,-65.21128358177772
2619,2649.6,-65.17409901377587
2620,2650.573333,-60.30973566318495
2621,2651.546667,-68.69115396114869
2622,2652.52,-64.11606706665174
2623,2653.493333,-62.78561886485619
2624,2654.466667,-62.94709604851106
2625,2655.44,
2626,2656.413333,-71.27477199409599
2627,2657.386667,-66.84427711602521
2628,2658.36,-73.65410160471372
2629,2659.333333,-63.228266969952585
2630,2660.306667,
2631,2661.28,-64.78640481174457
2632,2662.253333,-70.21164822968922
2633,2663.226667,-61.42435738234644
2634,2664.2,-63.92314379235363
2635,2665.173333,-63.68019304589229
2636,2666.146667,-64.04453136608748
2637,2667.12,-64.53248568170518
2638,2668.093333,-62.01035894440451
2639,2669.066667,-63.22923883841118
2640,2670.04,-68.49781809396895
2641,2671.013333,-62.74074181394346
2642,2671.986667,-63.478250758008954
2643,2672.96,-74.00779111357721
2644,2673.933333,-72.65128342062049
2645,2674.906667,-66.60892489505929
2646,2675.88,-64.06786421395199
2647,2676.853333,-66.3348816048439
2648,2677.826667,-67.49152947330506
2649,2678.8,-64.54605864487978
2650,2679.773333,-61.03120286694014
2651,2680.746667,-65.86259511001776
2652,2681.72,-66.18647219387792
2653,2682.693333,-63.92796984626395
2654,2683.666667,-61.872635142706436
2655,2684.64,-63.88353289792182
2656,2685.613333,-64.11232524176843
2657,2686.586667,-65.32060665266809
2658,2687.56,-63.62984577218918
2659,2688.533333,-63.528580099943746
2660,2689.506667,-67.74957436318022
2661,2690.48,-67.3104396806878
2662,2691.453333,-58.65398043694825
2663,2692.426667,-63.34956543594409
2664,2693.4,
2665,2694.373333,-65.23375639076322
2666,2695.346667,-66.03834582981912
2667,2696.32,-63.685144925554305
2668,2697.293333,-64.61754488903361
2669,2698.266667,-66.27880621772195
2670,2699.24,-63.84376029865395
2671,2700.213333,-63.902711575262515
2672,2701.186667,-66.73115100610302
2673,2702.16,-65.29989664018652
2674,2703.133333,-74.8225269608493
2675,2704.106667,-60.999432786758526
2676,2705.08,-66.30176700779452
2677,2706.053333,-66.0094469184102
2678,2707.026667,-71.9200536960906
2679,2708.0,-62.17538187713613
2680,2708.973333,-63.02109776077833
2681,2709.946667,-64.61204936076824
2682,2710.92,-62.157747152116166
2683,2711.893333,-63.05944513500515
2684,2712.866667,-67.12087137364139
2685,2713.84,-66.94221081235685
2686,2714.813333,-64.08036382778147
2687,2715.786667,-66.08095617696448
2688,2716.76,-64.55855652088573
2689,2717.733333,-68.27620397322457
2690,2718.706667,-62.38297267229772
2691,2719.68,-61.89506731593144
2692,2720.653333,-60.950784623465026
2693,2721.626667,-62.21600414114012
2694,2722.6,-74.10188832077363
2695,2723.573333,-70.19780129616456
2696,2724.546667,-66.85903585916078
2697,2725.52,-71.01803963906
2698,2726.493333,-62.83774604422973
2699,2727.466667,-64.31671214536634
2700,2728.44,-65.95218340612404
2701,2729.413333,-69.75869179267066
2702,2730.386667,-65.18282084337844
2703,2731.36,-63.26999929224285
2704,2732.333333,-65.61417639987171
2705,2733.306667,-64.17930527490357
2706,2734.28,-63.90414286875241
2707,2735.253333,-62.094445793310264
2708,2736.226667,
2709,2737.2,-65.21432851688145
2710,2738.173333,-64.15367355274016
2711,2739.146667,-61.399884680915676
2712,2740.12,-60.76496860285425
2713,2741.093333,-61.59524096316966
2714,2742.066667,-64.8985909251653
2715,2743.04,-66.19270996207493
2716,2744.013333,-67.84683292600252
2717,2744.986667,-65.80345825246675
2718,2745.96,-64.06534447054756
2719,2746.933333,-64.88390324497375
2720,2747.906667,-68.30653390079017
2721,2748.88,-63.72470126981659
2722,2749.853333,-63.48544716016484
2723,2750.826667,-63.6565761699417
2724,2751.8,-64.53196043594157
2725,2752.773333,-61.32625723005616
2726,2753.746667,-67.11593906265327
2727,2754.72,-65.3269370822747
2728,2755.693333,-62.31082465722043
2729,2756.666667,
2730,2757.64,-62.78066251220089
2731,2758.613333,-66.05717160794869
2732,2759.586667,-72.17911807655595
2733,2760.56,-60.928966114292145
2734,2761.533333,-66.58751428915377
2735,2762.506667,-64.94851011001789
2736,2763.48,-63.2621954476698
2737,2764.453333,-64.36753872948663
2738,2765.426667,
2739,2766.4,-63.28067609644393
2740,2767.373333,-71.03718922604186
2741,2768.346667,
2742,2769.32,-61.24233854053449
2743,2770.293333,-67.30747617228353
2744,2771.266667,-62.197300135967204
2745,2772.24,-61.84170245014349
2746,2773.213333,-70.83398634273932
2747,2774.186667,-63.767137225886195
2748,2775.16,-63.568377690656234
2749,2776.133333,-64.33404111666482
2750,2777.106667,-63.32707455123923
2751,2778.08,-64.97024749457508
2752,2779.053333,-64.41667089759552
2753,2780.026667,-73.41408126745037
2754,2781.0,-62.69940565736959
2755,2781.973333,-64.04467014273084
2756,2782.946667,-63.648637097110516
2757,2783.92,-62.62013731058498
2758,2784.893333,-64.58048963921526
2759,2785.866667,-72.85769512431482
2760,2786.84,
2761,2787.813333,-61.30836384041004
2762,2788.786667,-65.05513647884646
2763,2789.76,-73.15720143109407
2764,2790.733333,-63.01557647294821
2765,2791.706667,-67.64967383879524
2766,2792.68,-61.971204540098555
2767,2793.653333,-63.524840512691824
2768,2794.626667,-62.24090825351531
2769,2795.6,-72.82161098440982
2770,2796.573333,
2771,2797.546667,-64.3743647475157
2772,2798.52,-68.05650664835504
2773,2799.493333,-66.53366575523361
2774,2800.466667,-65.7540642706195
2775,2801.44,-68.14054195597471
2776,2802.413333,-61.639880867652444
2777,2803.386667,-63.00854291879589
2778,2804.36,-62.10768460115493
2779,2805.333333,-64.14716339342175
2780,2806.306667,-62.48896625988678
2781,2807.28,-61.626529651612074
2782,2808.253333,-61.00533619826641
2783,2809.226667,-61.53174832536861
2784,2810.2,-59.934809592510405
2785,2811.173333,-62.98732614862044
2786,2812.146667,-66.26624637781465
2787,2813.12,-64.29240165845444
2788,2814.093333,-62.65607782155827
2789,2815.066667,-64.20565116754244
2790,2816.04,-64.4426643248974
2791,2817.013333,-77.94493025868549
2792,2817.986667,-64.85107537489226
2793,2818.96,-63.19388706401873
2794,2819.933333,-62.36359005179121
2795,2820.906667,-63.4284856417535
2796,2821.88,-66.63514069969489
2797,2822.853333,-79.38777806968461
2798,2823.826667,-63.39000940181971
2799,2824.8,-70.17897494885385
2800,2825.773333,-63.12199523220062
2801,2826.746667,-62.08174076352308
2802,2827.72,-63.710378566220314
2803,2828.693333,-62.018403907731695
2804,2829.666667,-62.49959909286747
2805,2830.64,-61.3014587799496
2806,2831.613333,
2807,2832.586667,-62.04463466042051
2808,2833.56,-63.61211681749684
2809,2834.533333,-61.936612365676055
2810,2835.506667,-61.02158556852822
2811,2836.48,-65.33863107301578
2812,2837.453333,-64.13720693133813
2813,2838.426667,-64.87059497876886
2814,2839.4,-62.478613966831595
2815,2840.373333,-64.43624208152512
2816,2841.346667,-62.795225883224106
2817,2842.32,-64.74769495832076
2818,2843.293333,-64.11183189166638
2819,2844.266667,-64.47817639349029
2820,2845.24,-66.15293166482425
2821,2846.213333,-63.86561667372651
2822,2847.186667,-62.23282854691494
2823,2848.16,
2824,2849.133333,-66.29206761992094
2825,2850.106667,-64.03195934333655
2826,2851.08,-68.23753335267459
2827,2852.053333,-61.38369074629048
2828,2853.026667,-62.36421968927149
2829,2854.0,-65.55718903687718
2830,2854.973333,-69.53277302231426
2831,2855.946667,-61.111734091231526
2832,2856.92,-64.14886488856618
2833,2857.893333,-65.0777296601139
2834,2858.866667,
2835,2859.84,-59.76069311175313
2836,2860.813333,-62.229096349943696
2837,2861.786667,-65.2877888505149
2838,2862.76,-65.66082002551718
2839,2863.733333,-61.81765569600237
2840,2864.706667,-62.41779861583704
2841,2865.68,-65.17332456024293
2842,2866.653333,-74.30762365727644
2843,2867.626667,-64.66929168975344
2844,2868.6,-66.4210462374811
2845,2869.573333,-63.06878266533346
2846,2870.546667,-63.2612678537251
2847,2871.52,-62.35211935838092
2848,2872.493333,-65.57384243156365
2849,2873.466667,
2850,2874.44,-65.31105347379503
2851,2875.413333,-64.96802331618406
2852,2876.386667,-71.64379704364305
2853,2877.36,-64.27921946666136
2854,2878.333333,-62.227905016101694
2855,2879.306667,-64.25072955945873
2856,2880.28,-64.27950187640059
2857,2881.253333,-68.07409534005768
2858,2882.226667,-63.39307903782203
2859,2883.2,-71.23284769968464
2860,2884.173333,-70.42254578125477
2861,2885.146667,-62.86002882092742
2862,2886.12,-63.88559473792694
2863,2887.093333,-62.10445094419164
2864,2888.066667,-62.77684077459859
2865,2889.04,-62.66709777658383
2866,2890.013333,-61.45392872918215
2867,2890.986667,-65.6195387816307
2868,2891.96,-64.21416704913277
2869,2892.933333,-71.45974106267029
2870,2893.906667,-67.5750502025283
2871,2894.88,-61.41683942231343
2872,2895.853333,-64.76435989988478
2873,2896.826667,-73.63111315092281
2874,2897.8,-64.46133174197743
2875,2898.773333,-62.996640817363996
2876,2899.746667,-66.43370665385548
2877,2900.72,-66.89093646423015
2878,2901.693333,-65.24170624362645
2879,2902.666667,-63.71957100132768
2880,2903.64,-63.17469033323945
2881,2904.613333,-64.59947157494722
2882,2905.586667,-64.62966581654742
2883,2906.56,-65.80563860164585
2884,2907.533333,-62.6531658678794
2885,2908.506667,-68.07542720489093
2886,2909.48,-64.26296453549578
2887,2910.453333,-62.348961412300916
2888,2911.426667,-68.1740001384921
2889,2912.4,
2890,2913.373333,-61.74132080974264
2891,2914.346667,-61.7020274051721
2892,2915.32,-61.6156304040517
2893,2916.293333,-64.0100319343624
2894,2917.266667,-62.38087484721199
2895,2918.24,-66.1748974603244
2896,2919.213333,-63.52272259275246
2897,2920.186667,-73.36021604552985
2898,2921.16,-61.94715659911712
2899,2922.133333,-64.39599855486024
2900,2923.106667,-68.04492598318207
2901,2924.08,-65.01515417475329
2902,2925.053333,-62.73769676215613
2903,2926.026667,-62.05519383780528
2904,2927.0,-64.45256626777095
2905,2927.973333,-64.53886702194791
2906,2928.946667,-64.28563982749051
2907,2929.92,-64.38265555179075
2908,2930.893333,-63.05101326292559
2909,2931.866667,-68.7610375392634
2910,2932.84,-67.25031249671444
2911,2933.813333,-64.26734658064437
2912,2934.786667,-63.87698226144268
2913,2935.76,-66.93156776284562
2914,2936.733333,-62.9566089655551
2915,2937.706667,-67.48253147049085
2916,2938.68,-62.41766768823885
2917,2939.653333,-63.90968191388153
2918,2940.626667,-61.82070988428371
2919,2941.6,-64.60857405175125
2920,2942.573333,-62.709375651200325
2921,2943.546667,-61.29469095627932
2922,2944.52,-63.76370472867376
2923,2945.493333,
2924,2946.466667,-65.1330586440956
2925,2947.44,-64.35575791567068
2926,2948.413333,-64.546400768536
2927,2949.386667,-73.96610717480817
2928,2950.36,-64.19519707095772
2929,2951.333333,-62.06746728446927
2930,2952.306667,-66.35652065164594
2931,2953.28,-63.36902895417354
2932,2954.253333,-64.6009354686303
2933,2955.226667,-63.56520768590584
2934,2956.2,-62.22342504758487
2935,2957.173333,-63.34503155231468
2936,2958.146667,
2937,2959.12,-63.8781624292664
2938,2960.093333,-64.04645257090118
2939,2961.066667,
2940,2962.04,-65.94359892814309
2941,2963.013333,-62.4688530064756
2942,2963.986667,-61.85012962983702
2943,2964.96,-61.722841433488576
2944,2965.933333,-66.14278854143086
2945,2966.906667,-62.13578470664392
2946,2967.88,
2947,2968.853333,-61.95060854192828
2948,2969.826667,-60.71474761649142
2949,2970.8,-61.75443604223111
2950,2971.773333,-81.10128425223542
2951,2972.746667,-71.93268394839046
2952,2973.72,-62.768343957284145
2953,2974.693333,-63.28756223214778
2954,2975.666667,-66.38486294868426
2955,2976.64,-63.141036716975584
2956,2977.613333,-62.63804215868739
2957,2978.586667,-63.868718797678845
2958,2979.56,-63.35282704210734
2959,2980.533333,-63.29186669174656
2960,2981.506667,
2961,2982.48,-64.74870731467456
2962,2983.453333,-60.486430214779865
2963,2984.426667,-62.78376688252418
2964,2985.4,-66.85165668782093
2965,2986.373333,-73.06468679612414
2966,2987.346667,-59.78415151901703
2967,2988.32,-61.379450825992635
2968,2989.293333,-63.312511314898686
2969,2990.266667,-63.52814472567842
2970,2991.24,-65.26810428646132
2971,2992.213333,-61.294594142369796
2972,2993.186667,-68.79069235171984
2973,2994.16,-68.1083946862945
2974,2995.133333,-63.972201184807574
2975,2996.106667,-62.5800866312464
2976,2997.08,-61.273170660427894
2977,2998.053333,-71.34551140829379
2978,2999.026667,-65.47968073855473
