dev_id,dut_name,eirp_filenm,time_occupancy,external_attenuation
1,27_06_2024_CETC_Nikon_Camera_100kHz_EIRP,G:\Shared drives\RFI team\Analysis\Photogrammetry\All EIRP files\27_06_2024_CETC_Nikon_Camera_100kHz_EIRP.csv,60,0
2,27_06_2024_CETC_Photogammetry_Light_100kHz_EIRP,G:\Shared drives\RFI team\Analysis\Photogrammetry\All EIRP files\27_06_2024_CETC_Photogammetry_Light_100kHz_EIRP.csv,60,0
3,27_06_2024_CETC_Photogrammetry_Camera_DH1200_and_Laptop_100kHz_EIRP,G:\Shared drives\RFI team\Analysis\Photogrammetry\All EIRP files\27_06_2024_CETC_Photogrammetry_Camera_DH1200_and_Laptop_100kHz_EIRP.csv,60,0
4,27_06_2024_CETC_Photogrammetry_Camera_HR1200_And_Laptop_100kHz_EIRP,G:\Shared drives\RFI team\Analysis\Photogrammetry\All EIRP files\27_06_2024_CETC_Photogrammetry_Camera_HR1200_And_Laptop_100kHz_EIRP.csv,60,0
5,2020_02_11_INCA_Camera_100kHz_EIRP,G:\Shared drives\RFI team\Analysis\Photogrammetry\All EIRP files\2020_02_11_INCA_Camera_100kHz_EIRP.csv,60,0
6,2024_09_03_Thermometer_LNA_NoPreAmp_100kHz_EIRP,G:\Shared drives\RFI team\Analysis\Photogrammetry\All EIRP files\2024_09_03_Thermometer_LNA_NoPreAmp_100kHz_EIRP.csv,60,0
7,2024_09_03_Windmeter_LNA_NoPreAmp_100kHz_EIRP,G:\Shared drives\RFI team\Analysis\Photogrammetry\All EIRP files\2024_09_03_Windmeter_LNA_NoPreAmp_100kHz_EIRP.csv,60,0
8,2025_03_06_CETC_Headlight_ADLight_1kHz_1kHz_EIRP,G:\Shared drives\RFI team\Analysis\Photogrammetry\All EIRP files\2025_03_06_CETC_Headlight_ADLight_1kHz_1kHz_EIRP.csv,60,0
9,2025_03_19_CETC_Photogammetry_Camera_100kHz_EIRP,G:\Shared drives\RFI team\Analysis\Photogrammetry\All EIRP files\2025_03_19_CETC_Photogammetry_Camera_100kHz_EIRP.csv,60,0
10,2025_03_20_CETC_Lenovo_T14_Idle_withLNA_100kHz_EIRP,G:\Shared drives\RFI team\Analysis\Photogrammetry\All EIRP files\2025_03_20_CETC_Lenovo_T14_Idle_withLNA_100kHz_EIRP.csv,60,0
11,ALS_Bakkie_CAA567123_100kHz_EIRP,G:\Shared drives\RFI team\Analysis\Photogrammetry\All EIRP files\ALS_Bakkie_CAA567123_100kHz_EIRP.csv,60,0
12,CETC_Hilux_CAA567-125_100kHz_EIRP_trunked,G:\Shared drives\RFI team\Analysis\Photogrammetry\All EIRP files\CETC_Hilux_CAA567-125_100kHz_EIRP_trunked.csv,60,0
13,JLG4017-500630_100kHz_EIRP_trunked,G:\Shared drives\RFI team\Analysis\Photogrammetry\All EIRP files\JLG4017-500630_100kHz_EIRP_trunked.csv,60,0
14,Kiricom_Radio_On_MAX_100kHz_EIRP,G:\Shared drives\RFI team\Analysis\Photogrammetry\All EIRP files\Kiricom_Radio_On_MAX_100kHz_EIRP.csv,60,0
15,Liebherr_LTM1055-3.2_TC16_100kHz_trunked_EIRP,G:\Shared drives\RFI team\Analysis\Photogrammetry\All EIRP files\Liebherr_LTM1055-3.2_TC16_100kHz_trunked_EIRP.csv,60,0
16,messwelk_CLINO2000_L4563_10kHz_EIRP,G:\Shared drives\RFI team\Analysis\Photogrammetry\All EIRP files\messwelk_CLINO2000_L4563_10kHz_EIRP.csv,60,0
17,Superfire_HL58_Headlamp_100kHz_EIRP,G:\Shared drives\RFI team\Analysis\Photogrammetry\All EIRP files\Superfire_HL58_Headlamp_100kHz_EIRP.csv,60,0
18,TEREX_60T_Crane_100Hz_EIRP_trunked,G:\Shared drives\RFI team\Analysis\Photogrammetry\All EIRP files\TEREX_60T_Crane_100Hz_EIRP_trunked.csv,60,0
19,TOYOTA_HILUX_CAA286-070_100kHz_EIRP_trunked,G:\Shared drives\RFI team\Analysis\Photogrammetry\All EIRP files\TOYOTA_HILUX_CAA286-070_100kHz_EIRP_trunked.csv,60,0
20,Zoomlion_Cherrypicker_ZA32J_100kHz_EIRP_trunked,G:\Shared drives\RFI team\Analysis\Photogrammetry\All EIRP files\Zoomlion_Cherrypicker_ZA32J_100kHz_EIRP_trunked.csv,60,0
